seguradora;produto;produto_pdf;sexo;idade;capital;premio_anual_sem_iof;premio_anual_com_iof;premio_mensal;anos_pagamento;data_cotacao;arquivo
ICATU;ICATU_HORIZONTE_WL10;Vida Horizonte;F;18;1000000.0;24170.46;;2042.63;10;12/12/2025;ICATU\MULHER\ICATU - MULHER - 18 ANOS.pdf
ICATU;ICATU_HORIZONTE_WL10;Vida Horizonte;F;19;1000000.0;24799.92;;2095.85;10;12/12/2025;ICATU\MULHER\ICATU - MULHER - 19 ANOS.pdf
ICATU;ICATU_HORIZONTE_WL10;Vida Horizonte;F;20;1000000.0;25444.66;;2150.36;10;12/12/2025;ICATU\MULHER\ICATU - MULHER - 20 ANOS.pdf
ICATU;ICATU_HORIZONTE_WL10;Vida Horizonte;F;21;1000000.0;26106.43;;2206.32;10;12/12/2025;ICATU\MULHER\ICATU - MULHER - 21 ANOS.pdf
ICATU;ICATU_HORIZONTE_WL10;Vida Horizonte;F;22;1000000.0;26787.1;;2263.88;10;12/12/2025;ICATU\MULHER\ICATU - MULHER - 22 ANOS.pdf
ICATU;ICATU_HORIZONTE_WL10;Vida Horizonte;F;23;1000000.0;27487.37;;2323.1;10;12/12/2025;ICATU\MULHER\ICATU - MULHER - 23 ANOS.pdf
ICATU;ICATU_HORIZONTE_WL10;Vida Horizonte;F;24;1000000.0;28208.0;;2384.04;10;12/12/2025;ICATU\MULHER\ICATU - MULHER - 24 ANOS.pdf
ICATU;ICATU_HORIZONTE_WL10;Vida Horizonte;F;25;1000000.0;28948.48;;2446.67;10;12/12/2025;ICATU\MULHER\ICATU - MULHER - 25 ANOS.pdf
ICATU;ICATU_HORIZONTE_WL10;Vida Horizonte;F;26;1000000.0;29710.91;;2511.17;10;12/12/2025;ICATU\MULHER\ICATU - MULHER - 26 ANOS.pdf
ICATU;ICATU_HORIZONTE_WL10;Vida Horizonte;F;27;1000000.0;30494.91;;2577.49;10;12/12/2025;ICATU\MULHER\ICATU - MULHER - 27 ANOS.pdf
ICATU;ICATU_HORIZONTE_WL10;Vida Horizonte;F;28;1000000.0;31301.48;;2645.75;10;12/12/2025;ICATU\MULHER\ICATU - MULHER - 28 ANOS.pdf
ICATU;ICATU_HORIZONTE_WL10;Vida Horizonte;F;29;1000000.0;32130.46;;2715.91;10;12/12/2025;ICATU\MULHER\ICATU - MULHER - 29 ANOS.pdf
ICATU;ICATU_HORIZONTE_WL10;Vida Horizonte;F;30;1000000.0;32983.01;;2788.08;10;12/12/2025;ICATU\MULHER\ICATU - MULHER - 30 ANOS.pdf
ICATU;ICATU_HORIZONTE_WL10;Vida Horizonte;F;31;1000000.0;33859.16;;2862.28;10;12/12/2025;ICATU\MULHER\ICATU - MULHER - 31 ANOS.pdf
ICATU;ICATU_HORIZONTE_WL10;Vida Horizonte;F;32;1000000.0;34760.32;;2938.62;10;12/12/2025;ICATU\MULHER\ICATU - MULHER - 32 ANOS.pdf
ICATU;ICATU_HORIZONTE_WL10;Vida Horizonte;F;33;1000000.0;35688.03;;3017.23;10;12/12/2025;ICATU\MULHER\ICATU - MULHER - 33 ANOS.pdf
ICATU;ICATU_HORIZONTE_WL10;Vida Horizonte;F;34;1000000.0;36644.01;;3098.27;10;12/12/2025;ICATU\MULHER\ICATU - MULHER - 34 ANOS.pdf
ICATU;ICATU_HORIZONTE_WL10;Vida Horizonte;F;35;1000000.0;37626.26;;3181.57;10;12/12/2025;ICATU\MULHER\ICATU - MULHER - 35 ANOS.pdf
ICATU;ICATU_HORIZONTE_WL10;Vida Horizonte;F;36;1000000.0;38637.78;;3267.38;10;13/01/2026;ICATU\MULHER\ICATU - MULHER - 36 ANOS.pdf
ICATU;ICATU_HORIZONTE_WL10;Vida Horizonte;F;37;1000000.0;39675.48;;3355.44;10;13/01/2026;ICATU\MULHER\ICATU - MULHER - 37 ANOS.pdf
ICATU;ICATU_HORIZONTE_WL10;Vida Horizonte;F;38;1000000.0;40738.6;;3445.68;10;13/01/2026;ICATU\MULHER\ICATU - MULHER - 38 ANOS.pdf
ICATU;ICATU_HORIZONTE_WL10;Vida Horizonte;F;39;1000000.0;41826.38;;3538.05;10;13/01/2026;ICATU\MULHER\ICATU - MULHER - 39 ANOS.pdf
ICATU;ICATU_HORIZONTE_WL10;Vida Horizonte;F;40;1000000.0;42936.82;;3632.38;10;13/01/2026;ICATU\MULHER\ICATU - MULHER - 40 ANOS.pdf
ICATU;ICATU_HORIZONTE_WL10;Vida Horizonte;F;41;1000000.0;44069.11;;3728.59;10;13/01/2026;ICATU\MULHER\ICATU - MULHER - 41 ANOS.pdf
ICATU;ICATU_HORIZONTE_WL10;Vida Horizonte;F;42;1000000.0;45222.5;;3826.64;10;13/01/2026;ICATU\MULHER\ICATU - MULHER - 42 ANOS.pdf
ICATU;ICATU_HORIZONTE_WL10;Vida Horizonte;F;43;1000000.0;46397.52;;3926.56;10;13/01/2026;ICATU\MULHER\ICATU - MULHER - 43 ANOS.pdf
ICATU;ICATU_HORIZONTE_WL10;Vida Horizonte;F;44;1000000.0;47597.43;;4028.65;10;13/01/2026;ICATU\MULHER\ICATU - MULHER - 44 ANOS.pdf
ICATU;ICATU_HORIZONTE_WL10;Vida Horizonte;F;45;1000000.0;48823.46;;4133.03;10;13/01/2026;ICATU\MULHER\ICATU - MULHER - 45 ANOS.pdf
ICATU;ICATU_HORIZONTE_WL10;Vida Horizonte;F;46;1000000.0;50076.97;;4239.81;10;13/01/2026;ICATU\MULHER\ICATU - MULHER - 46 ANOS.pdf
ICATU;ICATU_HORIZONTE_WL10;Vida Horizonte;F;47;1000000.0;51360.82;;4349.23;10;13/01/2026;ICATU\MULHER\ICATU - MULHER - 47 ANOS.pdf
ICATU;ICATU_HORIZONTE_WL10;Vida Horizonte;F;48;1000000.0;52676.83;;4461.46;10;13/01/2026;ICATU\MULHER\ICATU - MULHER - 48 ANOS.pdf
ICATU;ICATU_HORIZONTE_WL10;Vida Horizonte;F;49;1000000.0;54024.32;;4576.44;10;13/01/2026;ICATU\MULHER\ICATU - MULHER - 49 ANOS.pdf
ICATU;ICATU_HORIZONTE_WL10;Vida Horizonte;F;50;1000000.0;55403.71;;4694.2;10;13/01/2026;ICATU\MULHER\ICATU - MULHER - 50 ANOS.pdf
ICATU;ICATU_HORIZONTE_WL10;Vida Horizonte;F;51;1000000.0;56814.32;;4814.69;10;13/01/2026;ICATU\MULHER\ICATU - MULHER - 51 ANOS.pdf
ICATU;ICATU_HORIZONTE_WL10;Vida Horizonte;F;52;1000000.0;58256.9;;4938.01;10;13/01/2026;ICATU\MULHER\ICATU - MULHER - 52 ANOS.pdf
ICATU;ICATU_HORIZONTE_WL10;Vida Horizonte;F;53;1000000.0;59730.35;;5064.09;10;13/01/2026;ICATU\MULHER\ICATU - MULHER - 53 ANOS.pdf
ICATU;ICATU_HORIZONTE_WL10;Vida Horizonte;F;54;1000000.0;61231.68;;5192.72;10;13/01/2026;ICATU\MULHER\ICATU - MULHER - 54 ANOS.pdf
ICATU;ICATU_HORIZONTE_WL10;Vida Horizonte;F;55;1000000.0;62765.31;;5324.32;10;13/01/2026;ICATU\MULHER\ICATU - MULHER - 55 ANOS.pdf
ICATU;ICATU_HORIZONTE_WL10;Vida Horizonte;F;56;1000000.0;64335.68;;5459.31;10;13/01/2026;ICATU\MULHER\ICATU - MULHER - 56 ANOS.pdf
ICATU;ICATU_HORIZONTE_WL10;Vida Horizonte;F;57;1000000.0;65950.91;;5598.4;10;13/01/2026;ICATU\MULHER\ICATU - MULHER - 57 ANOS.pdf
ICATU;ICATU_HORIZONTE_WL10;Vida Horizonte;F;58;1000000.0;67622.97;;5742.66;10;13/01/2026;ICATU\MULHER\ICATU - MULHER - 58 ANOS.pdf
ICATU;ICATU_HORIZONTE_WL10;Vida Horizonte;F;59;1000000.0;69365.21;;5893.26;10;13/01/2026;ICATU\MULHER\ICATU - MULHER - 59 ANOS.pdf
ICATU;ICATU_HORIZONTE_WL10;Vida Horizonte;F;60;1000000.0;71185.81;;6050.95;10;13/01/2026;ICATU\MULHER\ICATU - MULHER - 60 ANOS.pdf
ICATU;ICATU_HORIZONTE_WL10;Vida Horizonte;F;61;1000000.0;73090.55;;6216.29;10;13/01/2026;ICATU\MULHER\ICATU - MULHER - 61 ANOS.pdf
ICATU;ICATU_HORIZONTE_WL10;Vida Horizonte;F;62;1000000.0;75077.99;;6389.25;10;13/01/2026;ICATU\MULHER\ICATU - MULHER - 62 ANOS.pdf
ICATU;ICATU_HORIZONTE_WL10;Vida Horizonte;F;63;1000000.0;77143.37;;6569.56;10;13/01/2026;ICATU\MULHER\ICATU - MULHER - 63 ANOS.pdf
ICATU;ICATU_HORIZONTE_WL10;Vida Horizonte;F;64;1000000.0;79276.41;;6756.47;10;13/01/2026;ICATU\MULHER\ICATU - MULHER - 64 ANOS.pdf
ICATU;ICATU_HORIZONTE_WL10;Vida Horizonte;F;65;1000000.0;81477.16;;6950.14;10;13/01/2026;ICATU\MULHER\ICATU - MULHER - 65 ANOS.pdf
ICATU;ICATU_HORIZONTE_WL10;Vida Horizonte;F;66;1000000.0;83757.23;;7151.74;10;13/01/2026;ICATU\MULHER\ICATU - MULHER - 66 ANOS.pdf
ICATU;ICATU_HORIZONTE_WL10;Vida Horizonte;F;67;1000000.0;86138.09;;7363.29;10;13/01/2026;ICATU\MULHER\ICATU - MULHER - 67 ANOS.pdf
ICATU;ICATU_HORIZONTE_WL10;Vida Horizonte;F;68;1000000.0;88653.38;;7587.9;10;13/01/2026;ICATU\MULHER\ICATU - MULHER - 68 ANOS.pdf
ICATU;ICATU_HORIZONTE_WL10;Vida Horizonte;F;69;1000000.0;91349.09;;7829.8;10;13/01/2026;ICATU\MULHER\ICATU - MULHER - 69 ANOS.pdf
ICATU;ICATU_HORIZONTE_WL10;Vida Horizonte;F;70;1000000.0;94261.82;;8092.45;10;13/01/2026;ICATU\MULHER\ICATU - MULHER - 70 ANOS.pdf
ICATU;ICATU_HORIZONTE_WL10;Vida Horizonte;F;71;1000000.0;97419.86;;8378.7;10;13/01/2026;ICATU\MULHER\ICATU - MULHER - 71 ANOS.pdf
ICATU;ICATU_HORIZONTE_WL10;Vida Horizonte;F;72;1000000.0;100840.43;;8690.49;10;13/01/2026;ICATU\MULHER\ICATU - MULHER - 72 ANOS.pdf
ICATU;ICATU_HORIZONTE_WL10;Vida Horizonte;F;73;1000000.0;104527.23;;9028.62;10;13/01/2026;ICATU\MULHER\ICATU - MULHER - 73 ANOS.pdf
ICATU;ICATU_HORIZONTE_WL10;Vida Horizonte;F;74;1000000.0;108478.7;;9393.5;10;13/01/2026;ICATU\MULHER\ICATU - MULHER - 74 ANOS.pdf
ICATU;ICATU_HORIZONTE_WL10;Vida Horizonte;F;75;1000000.0;112702.04;;9786.29;10;13/01/2026;ICATU\MULHER\ICATU - MULHER - 75 ANOS.pdf
ICATU;ICATU_HORIZONTE_WL10;Vida Horizonte;M;18;1000000.0;27886.52;;2357.45;10;13/01/2026;ICATU\HOMEM\ICATU - HOMEM - 18 ANOS.pdf
ICATU;ICATU_HORIZONTE_WL10;Vida Horizonte;M;19;1000000.0;28551.45;;2413.66;10;13/01/2026;ICATU\HOMEM\ICATU - HOMEM - 19 ANOS.pdf
ICATU;ICATU_HORIZONTE_WL10;Vida Horizonte;M;20;1000000.0;29227.34;;2470.78;10;13/01/2026;ICATU\HOMEM\ICATU - HOMEM - 20 ANOS.pdf
ICATU;ICATU_HORIZONTE_WL10;Vida Horizonte;M;21;1000000.0;29919.33;;2529.26;10;13/01/2026;ICATU\HOMEM\ICATU - HOMEM - 21 ANOS.pdf
ICATU;ICATU_HORIZONTE_WL10;Vida Horizonte;M;22;1000000.0;30631.59;;2589.45;10;13/01/2026;ICATU\HOMEM\ICATU - HOMEM - 22 ANOS.pdf
ICATU;ICATU_HORIZONTE_WL10;Vida Horizonte;M;23;1000000.0;31368.6;;2651.74;10;13/01/2026;ICATU\HOMEM\ICATU - HOMEM - 23 ANOS.pdf
ICATU;ICATU_HORIZONTE_WL10;Vida Horizonte;M;24;1000000.0;32132.59;;2716.33;10;13/01/2026;ICATU\HOMEM\ICATU - HOMEM - 24 ANOS.pdf
ICATU;ICATU_HORIZONTE_WL10;Vida Horizonte;M;25;1000000.0;32925.98;;2783.42;10;13/01/2026;ICATU\HOMEM\ICATU - HOMEM - 25 ANOS.pdf
ICATU;ICATU_HORIZONTE_WL10;Vida Horizonte;M;26;1000000.0;33751.39;;2853.23;10;13/01/2026;ICATU\HOMEM\ICATU - HOMEM - 26 ANOS.pdf
ICATU;ICATU_HORIZONTE_WL10;Vida Horizonte;M;27;1000000.0;34609.14;;2925.8;10;14/01/2026;ICATU\HOMEM\ICATU - HOMEM - 27 ANOS.pdf
ICATU;ICATU_HORIZONTE_WL10;Vida Horizonte;M;28;1000000.0;35498.38;;3001.07;10;14/01/2026;ICATU\HOMEM\ICATU - HOMEM - 28 ANOS.pdf
ICATU;ICATU_HORIZONTE_WL10;Vida Horizonte;M;29;1000000.0;36419.56;;3079.06;10;14/01/2026;ICATU\HOMEM\ICATU - HOMEM - 29 ANOS.pdf
ICATU;ICATU_HORIZONTE_WL10;Vida Horizonte;M;30;1000000.0;37372.01;;3159.73;10;14/01/2026;ICATU\HOMEM\ICATU - HOMEM - 30 ANOS.pdf
ICATU;ICATU_HORIZONTE_WL10;Vida Horizonte;M;31;1000000.0;38356.35;;3243.14;10;14/01/2026;ICATU\HOMEM\ICATU - HOMEM - 31 ANOS.pdf
ICATU;ICATU_HORIZONTE_WL10;Vida Horizonte;M;32;1000000.0;39370.84;;3329.14;10;14/01/2026;ICATU\HOMEM\ICATU - HOMEM - 32 ANOS.pdf
ICATU;ICATU_HORIZONTE_WL10;Vida Horizonte;M;33;1000000.0;40417.54;;3417.9;10;14/01/2026;ICATU\HOMEM\ICATU - HOMEM - 33 ANOS.pdf
ICATU;ICATU_HORIZONTE_WL10;Vida Horizonte;M;34;1000000.0;41494.91;;3509.31;10;14/01/2026;ICATU\HOMEM\ICATU - HOMEM - 34 ANOS.pdf
ICATU;ICATU_HORIZONTE_WL10;Vida Horizonte;M;35;1000000.0;42603.98;;3603.46;10;14/01/2026;ICATU\HOMEM\ICATU - HOMEM - 35 ANOS.pdf
ICATU;ICATU_HORIZONTE_WL10;Vida Horizonte;M;36;1000000.0;43744.64;;3700.34;10;14/01/2026;ICATU\HOMEM\ICATU - HOMEM - 36 ANOS.pdf
ICATU;ICATU_HORIZONTE_WL10;Vida Horizonte;M;37;1000000.0;44916.97;;3799.96;10;14/01/2026;ICATU\HOMEM\ICATU - HOMEM - 37 ANOS.pdf
ICATU;ICATU_HORIZONTE_WL10;Vida Horizonte;M;38;1000000.0;46119.84;;3902.22;10;14/01/2026;ICATU\HOMEM\ICATU - HOMEM - 38 ANOS.pdf
ICATU;ICATU_HORIZONTE_WL10;Vida Horizonte;M;39;1000000.0;47353.43;;4007.16;10;14/01/2026;ICATU\HOMEM\ICATU - HOMEM - 39 ANOS.pdf
ICATU;ICATU_HORIZONTE_WL10;Vida Horizonte;M;40;1000000.0;48616.77;;4114.7;10;14/01/2026;ICATU\HOMEM\ICATU - HOMEM - 40 ANOS.pdf
ICATU;ICATU_HORIZONTE_WL10;Vida Horizonte;M;41;1000000.0;49910.29;;4224.87;10;14/01/2026;ICATU\HOMEM\ICATU - HOMEM - 41 ANOS.pdf
ICATU;ICATU_HORIZONTE_WL10;Vida Horizonte;M;42;1000000.0;51232.07;;4337.53;10;14/01/2026;ICATU\HOMEM\ICATU - HOMEM - 42 ANOS.pdf
ICATU;ICATU_HORIZONTE_WL10;Vida Horizonte;M;43;1000000.0;52585.51;;4452.98;10;14/01/2026;ICATU\HOMEM\ICATU - HOMEM - 43 ANOS.pdf
ICATU;ICATU_HORIZONTE_WL10;Vida Horizonte;M;44;1000000.0;53969.53;;4571.16;10;14/01/2026;ICATU\HOMEM\ICATU - HOMEM - 44 ANOS.pdf
ICATU;ICATU_HORIZONTE_WL10;Vida Horizonte;M;45;1000000.0;55387.26;;4692.35;10;14/01/2026;ICATU\HOMEM\ICATU - HOMEM - 45 ANOS.pdf
ICATU;ICATU_HORIZONTE_WL10;Vida Horizonte;M;46;1000000.0;56838.74;;4816.57;10;14/01/2026;ICATU\HOMEM\ICATU - HOMEM - 46 ANOS.pdf
ICATU;ICATU_HORIZONTE_WL10;Vida Horizonte;M;47;1000000.0;58328.19;;4944.21;10;14/01/2026;ICATU\HOMEM\ICATU - HOMEM - 47 ANOS.pdf
ICATU;ICATU_HORIZONTE_WL10;Vida Horizonte;M;48;1000000.0;59858.1;;5075.49;10;14/01/2026;ICATU\HOMEM\ICATU - HOMEM - 48 ANOS.pdf
ICATU;ICATU_HORIZONTE_WL10;Vida Horizonte;M;49;1000000.0;61432.71;;5210.8;10;14/01/2026;ICATU\HOMEM\ICATU - HOMEM - 49 ANOS.pdf
ICATU;ICATU_HORIZONTE_WL10;Vida Horizonte;M;50;1000000.0;63053.16;;5350.26;10;14/01/2026;ICATU\HOMEM\ICATU - HOMEM - 50 ANOS.pdf
ICATU;ICATU_HORIZONTE_WL10;Vida Horizonte;M;51;1000000.0;64723.78;;5494.28;10;14/01/2026;ICATU\HOMEM\ICATU - HOMEM - 51 ANOS.pdf
ICATU;ICATU_HORIZONTE_WL10;Vida Horizonte;M;52;1000000.0;66442.2;;5642.69;10;14/01/2026;ICATU\HOMEM\ICATU - HOMEM - 52 ANOS.pdf
ICATU;ICATU_HORIZONTE_WL10;Vida Horizonte;M;53;1000000.0;68209.22;;5795.61;10;14/01/2026;ICATU\HOMEM\ICATU - HOMEM - 53 ANOS.pdf
ICATU;ICATU_HORIZONTE_WL10;Vida Horizonte;M;54;1000000.0;70024.16;;5953.04;10;14/01/2026;ICATU\HOMEM\ICATU - HOMEM - 54 ANOS.pdf
ICATU;ICATU_HORIZONTE_WL10;Vida Horizonte;M;55;1000000.0;71886.11;;6114.95;10;14/01/2026;ICATU\HOMEM\ICATU - HOMEM - 55 ANOS.pdf
ICATU;ICATU_HORIZONTE_WL10;Vida Horizonte;M;56;1000000.0;73800.54;;6281.86;10;14/01/2026;ICATU\HOMEM\ICATU - HOMEM - 56 ANOS.pdf
ICATU;ICATU_HORIZONTE_WL10;Vida Horizonte;M;57;1000000.0;75771.93;;6454.23;10;14/01/2026;ICATU\HOMEM\ICATU - HOMEM - 57 ANOS.pdf
ICATU;ICATU_HORIZONTE_WL10;Vida Horizonte;M;58;1000000.0;77811.49;;6633.09;10;14/01/2026;ICATU\HOMEM\ICATU - HOMEM - 58 ANOS.pdf
ICATU;ICATU_HORIZONTE_WL10;Vida Horizonte;M;59;1000000.0;79928.58;;6819.31;10;14/01/2026;ICATU\HOMEM\ICATU - HOMEM - 59 ANOS.pdf
ICATU;ICATU_HORIZONTE_WL10;Vida Horizonte;M;60;1000000.0;82133.21;;7013.86;10;14/01/2026;ICATU\HOMEM\ICATU - HOMEM - 60 ANOS.pdf
ICATU;ICATU_HORIZONTE_WL10;Vida Horizonte;M;61;1000000.0;84431.1;;7217.35;10;14/01/2026;ICATU\HOMEM\ICATU - HOMEM - 61 ANOS.pdf
ICATU;ICATU_HORIZONTE_WL10;Vida Horizonte;M;62;1000000.0;86827.98;;7430.43;10;14/01/2026;ICATU\HOMEM\ICATU - HOMEM - 62 ANOS.pdf
ICATU;ICATU_HORIZONTE_WL10;Vida Horizonte;M;63;1000000.0;89327.3;;7653.58;10;14/01/2026;ICATU\HOMEM\ICATU - HOMEM - 63 ANOS.pdf
ICATU;ICATU_HORIZONTE_WL10;Vida Horizonte;M;64;1000000.0;91931.89;;7887.25;10;14/01/2026;ICATU\HOMEM\ICATU - HOMEM - 64 ANOS.pdf
ICATU;ICATU_HORIZONTE_WL10;Vida Horizonte;M;65;1000000.0;94649.89;;8132.34;10;14/01/2026;ICATU\HOMEM\ICATU - HOMEM - 65 ANOS.pdf
ICATU;ICATU_HORIZONTE_WL10;Vida Horizonte;M;66;1000000.0;97494.93;;8390.25;10;14/01/2026;ICATU\HOMEM\ICATU - HOMEM - 66 ANOS.pdf
ICATU;ICATU_HORIZONTE_WL10;Vida Horizonte;M;67;1000000.0;100492.0;;8663.37;10;14/01/2026;ICATU\HOMEM\ICATU - HOMEM - 67 ANOS.pdf
ICATU;ICATU_HORIZONTE_WL10;Vida Horizonte;M;68;1000000.0;103669.9;;8954.43;10;14/01/2026;ICATU\HOMEM\ICATU - HOMEM - 68 ANOS.pdf
ICATU;ICATU_HORIZONTE_WL10;Vida Horizonte;M;69;1000000.0;107062.87;;9266.7;10;12/03/2026;ICATU\HOMEM\ICATU - HOMEM - 69 ANOS.pdf
ICATU;ICATU_HORIZONTE_WL10;Vida Horizonte;M;70;1000000.0;110700.73;;9603.11;10;12/03/2026;ICATU\HOMEM\ICATU - HOMEM - 70 ANOS.pdf
ICATU;ICATU_HORIZONTE_WL10;Vida Horizonte;M;71;1000000.0;114599.84;;9965.51;10;14/01/2026;ICATU\HOMEM\ICATU - HOMEM - 71 ANOS.pdf
ICATU;ICATU_HORIZONTE_WL10;Vida Horizonte;M;72;1000000.0;118767.97;;10355.05;10;14/01/2026;ICATU\HOMEM\ICATU - HOMEM - 72 ANOS.pdf
ICATU;ICATU_HORIZONTE_WL10;Vida Horizonte;M;73;1000000.0;123199.72;;10771.78;10;14/01/2026;ICATU\HOMEM\ICATU - HOMEM - 73 ANOS.pdf
ICATU;ICATU_HORIZONTE_WL10;Vida Horizonte;M;74;1000000.0;127879.07;;11214.79;10;14/01/2026;ICATU\HOMEM\ICATU - HOMEM - 74 ANOS.pdf
ICATU;ICATU_HORIZONTE_WL10;Vida Horizonte;M;75;1000000.0;132803.28;;11684.31;10;14/01/2026;ICATU\HOMEM\ICATU - HOMEM - 75 ANOS.pdf
MAG;MAG_WL_INTEGRAL_10;WHOLE LIFE INTEGRAL 10 ANOS;F;16;1000000.0;23210.89;;;10;27 de fevereiro de 2026;MAG\MULHER\MAG - MULHER - 16 ANOS.pdf
MAG;MAG_WL_INTEGRAL_10;WHOLE LIFE INTEGRAL 10 ANOS;F;17;1000000.0;23782.32;;;10;27 de fevereiro de 2026;MAG\MULHER\MAG - MULHER - 17 ANOS.pdf
MAG;MAG_WL_INTEGRAL_10;WHOLE LIFE INTEGRAL 10 ANOS;F;18;1000000.0;24364.57;;;10;4 de dezembro de 2025;MAG\MULHER\MAG - MULHER - 18 ANOS.pdf
MAG;MAG_WL_INTEGRAL_10;WHOLE LIFE INTEGRAL 10 ANOS;F;19;1000000.0;24954.89;;;10;4 de dezembro de 2025;MAG\MULHER\MAG - MULHER - 19 ANOS.pdf
MAG;MAG_WL_INTEGRAL_10;WHOLE LIFE INTEGRAL 10 ANOS;F;20;1000000.0;25553.65;;;10;4 de dezembro de 2025;MAG\MULHER\MAG - MULHER - 20 ANOS.pdf
MAG;MAG_WL_INTEGRAL_10;WHOLE LIFE INTEGRAL 10 ANOS;F;21;1000000.0;26161.87;;;10;4 de dezembro de 2025;MAG\MULHER\MAG - MULHER - 21 ANOS.pdf
MAG;MAG_WL_INTEGRAL_10;WHOLE LIFE INTEGRAL 10 ANOS;F;22;1000000.0;26781.78;;;10;4 de dezembro de 2025;MAG\MULHER\MAG - MULHER - 22 ANOS.pdf
MAG;MAG_WL_INTEGRAL_10;WHOLE LIFE INTEGRAL 10 ANOS;F;23;1000000.0;27414.96;;;10;4 de dezembro de 2025;MAG\MULHER\MAG - MULHER - 23 ANOS.pdf
MAG;MAG_WL_INTEGRAL_10;WHOLE LIFE INTEGRAL 10 ANOS;F;24;1000000.0;28063.43;;;10;4 de dezembro de 2025;MAG\MULHER\MAG - MULHER - 24 ANOS.pdf
MAG;MAG_WL_INTEGRAL_10;WHOLE LIFE INTEGRAL 10 ANOS;F;25;1000000.0;28729.34;;;10;4 de dezembro de 2025;MAG\MULHER\MAG - MULHER - 25 ANOS.pdf
MAG;MAG_WL_INTEGRAL_10;WHOLE LIFE INTEGRAL 10 ANOS;F;26;1000000.0;29413.84;;;10;4 de dezembro de 2025;MAG\MULHER\MAG - MULHER - 26 ANOS.pdf
MAG;MAG_WL_INTEGRAL_10;WHOLE LIFE INTEGRAL 10 ANOS;F;27;1000000.0;30115.84;;;10;4 de dezembro de 2025;MAG\MULHER\MAG - MULHER - 27 ANOS.pdf
MAG;MAG_WL_INTEGRAL_10;WHOLE LIFE INTEGRAL 10 ANOS;F;28;1000000.0;30835.37;;;10;4 de dezembro de 2025;MAG\MULHER\MAG - MULHER - 28 ANOS.pdf
MAG;MAG_WL_INTEGRAL_10;WHOLE LIFE INTEGRAL 10 ANOS;F;29;1000000.0;31572.06;;;10;4 de dezembro de 2025;MAG\MULHER\MAG - MULHER - 29 ANOS.pdf
MAG;MAG_WL_INTEGRAL_10;WHOLE LIFE INTEGRAL 10 ANOS;F;30;1000000.0;32326.42;;;10;4 de dezembro de 2025;MAG\MULHER\MAG - MULHER - 30 ANOS.pdf
MAG;MAG_WL_INTEGRAL_10;WHOLE LIFE INTEGRAL 10 ANOS;F;31;1000000.0;33098.65;;;10;4 de dezembro de 2025;MAG\MULHER\MAG - MULHER - 31 ANOS.pdf
MAG;MAG_WL_INTEGRAL_10;WHOLE LIFE INTEGRAL 10 ANOS;F;32;1000000.0;33889.55;;;10;4 de dezembro de 2025;MAG\MULHER\MAG - MULHER - 32 ANOS.pdf
MAG;MAG_WL_INTEGRAL_10;WHOLE LIFE INTEGRAL 10 ANOS;F;33;1000000.0;34699.48;;;10;4 de dezembro de 2025;MAG\MULHER\MAG - MULHER - 33 ANOS.pdf
MAG;MAG_WL_INTEGRAL_10;WHOLE LIFE INTEGRAL 10 ANOS;F;34;1000000.0;35528.37;;;10;4 de dezembro de 2025;MAG\MULHER\MAG - MULHER - 34 ANOS.pdf
MAG;MAG_WL_INTEGRAL_10;WHOLE LIFE INTEGRAL 10 ANOS;F;35;1000000.0;36376.67;;;10;4 de dezembro de 2025;MAG\MULHER\MAG - MULHER - 35 ANOS.pdf
MAG;MAG_WL_INTEGRAL_10;WHOLE LIFE INTEGRAL 10 ANOS;F;36;1000000.0;37244.82;;;10;4 de dezembro de 2025;MAG\MULHER\MAG - MULHER - 36 ANOS.pdf
MAG;MAG_WL_INTEGRAL_10;WHOLE LIFE INTEGRAL 10 ANOS;F;37;1000000.0;38134.67;;;10;4 de dezembro de 2025;MAG\MULHER\MAG - MULHER - 37 ANOS.pdf
MAG;MAG_WL_INTEGRAL_10;WHOLE LIFE INTEGRAL 10 ANOS;F;38;1000000.0;39046.78;;;10;4 de dezembro de 2025;MAG\MULHER\MAG - MULHER - 38 ANOS.pdf
MAG;MAG_WL_INTEGRAL_10;WHOLE LIFE INTEGRAL 10 ANOS;F;39;1000000.0;39981.92;;;10;4 de dezembro de 2025;MAG\MULHER\MAG - MULHER - 39 ANOS.pdf
MAG;MAG_WL_INTEGRAL_10;WHOLE LIFE INTEGRAL 10 ANOS;F;40;1000000.0;40939.89;;;10;4 de dezembro de 2025;MAG\MULHER\MAG - MULHER - 40 ANOS.pdf
MAG;MAG_WL_INTEGRAL_10;WHOLE LIFE INTEGRAL 10 ANOS;F;41;1000000.0;41920.54;;;10;4 de dezembro de 2025;MAG\MULHER\MAG - MULHER - 41 ANOS.pdf
MAG;MAG_WL_INTEGRAL_10;WHOLE LIFE INTEGRAL 10 ANOS;F;42;1000000.0;42922.73;;;10;4 de dezembro de 2025;MAG\MULHER\MAG - MULHER - 42 ANOS.pdf
MAG;MAG_WL_INTEGRAL_10;WHOLE LIFE INTEGRAL 10 ANOS;F;43;1000000.0;43947.86;;;10;4 de dezembro de 2025;MAG\MULHER\MAG - MULHER - 43 ANOS.pdf
MAG;MAG_WL_INTEGRAL_10;WHOLE LIFE INTEGRAL 10 ANOS;F;44;1000000.0;44997.39;;;10;4 de dezembro de 2025;MAG\MULHER\MAG - MULHER - 44 ANOS.pdf
MAG;MAG_WL_INTEGRAL_10;WHOLE LIFE INTEGRAL 10 ANOS;F;45;1000000.0;46073.91;;;10;4 de dezembro de 2025;MAG\MULHER\MAG - MULHER - 45 ANOS.pdf
MAG;MAG_WL_INTEGRAL_10;WHOLE LIFE INTEGRAL 10 ANOS;F;46;1000000.0;47178.39;;;10;4 de dezembro de 2025;MAG\MULHER\MAG - MULHER - 46 ANOS.pdf
MAG;MAG_WL_INTEGRAL_10;WHOLE LIFE INTEGRAL 10 ANOS;F;47;1000000.0;48312.06;;;10;4 de dezembro de 2025;MAG\MULHER\MAG - MULHER - 47 ANOS.pdf
MAG;MAG_WL_INTEGRAL_10;WHOLE LIFE INTEGRAL 10 ANOS;F;48;1000000.0;49473.32;;;10;4 de dezembro de 2025;MAG\MULHER\MAG - MULHER - 48 ANOS.pdf
MAG;MAG_WL_INTEGRAL_10;WHOLE LIFE INTEGRAL 10 ANOS;F;49;1000000.0;50662.58;;;10;4 de dezembro de 2025;MAG\MULHER\MAG - MULHER - 49 ANOS.pdf
MAG;MAG_WL_INTEGRAL_10;WHOLE LIFE INTEGRAL 10 ANOS;F;50;1000000.0;51881.12;;;10;4 de dezembro de 2025;MAG\MULHER\MAG - MULHER - 50 ANOS.pdf
MAG;MAG_WL_INTEGRAL_10;WHOLE LIFE INTEGRAL 10 ANOS;F;51;1000000.0;53133.36;;;10;4 de dezembro de 2025;MAG\MULHER\MAG - MULHER - 51 ANOS.pdf
MAG;MAG_WL_INTEGRAL_10;WHOLE LIFE INTEGRAL 10 ANOS;F;52;1000000.0;54422.63;;;10;4 de dezembro de 2025;MAG\MULHER\MAG - MULHER - 52 ANOS.pdf
MAG;MAG_WL_INTEGRAL_10;WHOLE LIFE INTEGRAL 10 ANOS;F;53;1000000.0;55755.65;;;10;4 de dezembro de 2025;MAG\MULHER\MAG - MULHER - 53 ANOS.pdf
MAG;MAG_WL_INTEGRAL_10;WHOLE LIFE INTEGRAL 10 ANOS;F;54;1000000.0;57136.38;;;10;4 de dezembro de 2025;MAG\MULHER\MAG - MULHER - 54 ANOS.pdf
MAG;MAG_WL_INTEGRAL_10;WHOLE LIFE INTEGRAL 10 ANOS;F;55;1000000.0;58567.29;;;10;4 de dezembro de 2025;MAG\MULHER\MAG - MULHER - 55 ANOS.pdf
MAG;MAG_WL_INTEGRAL_10;WHOLE LIFE INTEGRAL 10 ANOS;F;56;1000000.0;60048.2;;;10;4 de dezembro de 2025;MAG\MULHER\MAG - MULHER - 56 ANOS.pdf
MAG;MAG_WL_INTEGRAL_10;WHOLE LIFE INTEGRAL 10 ANOS;F;57;1000000.0;61582.45;;;10;4 de dezembro de 2025;MAG\MULHER\MAG - MULHER - 57 ANOS.pdf
MAG;MAG_WL_INTEGRAL_10;WHOLE LIFE INTEGRAL 10 ANOS;F;58;1000000.0;63174.15;;;10;4 de dezembro de 2025;MAG\MULHER\MAG - MULHER - 58 ANOS.pdf
MAG;MAG_WL_INTEGRAL_10;WHOLE LIFE INTEGRAL 10 ANOS;F;59;1000000.0;64828.22;;;10;4 de dezembro de 2025;MAG\MULHER\MAG - MULHER - 59 ANOS.pdf
MAG;MAG_WL_INTEGRAL_10;WHOLE LIFE INTEGRAL 10 ANOS;F;60;1000000.0;66550.98;;;10;4 de dezembro de 2025;MAG\MULHER\MAG - MULHER - 60 ANOS.pdf
MAG;MAG_WL_INTEGRAL_10;WHOLE LIFE INTEGRAL 10 ANOS;F;61;1000000.0;68347.45;;;10;4 de dezembro de 2025;MAG\MULHER\MAG - MULHER - 61 ANOS.pdf
MAG;MAG_WL_INTEGRAL_10;WHOLE LIFE INTEGRAL 10 ANOS;F;62;1000000.0;70120.08;;;10;4 de dezembro de 2025;MAG\MULHER\MAG - MULHER - 62 ANOS.pdf
MAG;MAG_WL_INTEGRAL_10;WHOLE LIFE INTEGRAL 10 ANOS;F;63;1000000.0;71850.26;;;10;4 de dezembro de 2025;MAG\MULHER\MAG - MULHER - 63 ANOS.pdf
MAG;MAG_WL_INTEGRAL_10;WHOLE LIFE INTEGRAL 10 ANOS;F;64;1000000.0;73524.55;;;10;4 de dezembro de 2025;MAG\MULHER\MAG - MULHER - 64 ANOS.pdf
MAG;MAG_WL_INTEGRAL_10;WHOLE LIFE INTEGRAL 10 ANOS;F;65;1000000.0;75119.03;;;10;4 de dezembro de 2025;MAG\MULHER\MAG - MULHER - 65 ANOS.pdf
MAG;MAG_WL_INTEGRAL_10;WHOLE LIFE INTEGRAL 10 ANOS;F;66;1000000.0;76616.13;;;10;4 de dezembro de 2025;MAG\MULHER\MAG - MULHER - 66 ANOS.pdf
MAG;MAG_WL_INTEGRAL_10;WHOLE LIFE INTEGRAL 10 ANOS;F;67;1000000.0;77982.85;;;10;4 de dezembro de 2025;MAG\MULHER\MAG - MULHER - 67 ANOS.pdf
MAG;MAG_WL_INTEGRAL_10;WHOLE LIFE INTEGRAL 10 ANOS;F;68;1000000.0;79188.39;;;10;4 de dezembro de 2025;MAG\MULHER\MAG - MULHER - 68 ANOS.pdf
MAG;MAG_WL_INTEGRAL_10;WHOLE LIFE INTEGRAL 10 ANOS;F;69;1000000.0;80185.16;;;10;4 de dezembro de 2025;MAG\MULHER\MAG - MULHER - 69 ANOS.pdf
MAG;MAG_WL_INTEGRAL_10;WHOLE LIFE INTEGRAL 10 ANOS;F;70;1000000.0;80931.56;;;10;4 de dezembro de 2025;MAG\MULHER\MAG - MULHER - 70 ANOS.pdf
MAG;MAG_WL_INTEGRAL_10;WHOLE LIFE INTEGRAL 10 ANOS;F;71;1000000.0;82961.69;;;10;4 de dezembro de 2025;MAG\MULHER\MAG - MULHER - 71 ANOS.pdf
MAG;MAG_WL_INTEGRAL_10;WHOLE LIFE INTEGRAL 10 ANOS;F;72;1000000.0;85108.36;;;10;4 de dezembro de 2025;MAG\MULHER\MAG - MULHER - 72 ANOS.pdf
MAG;MAG_WL_INTEGRAL_10;WHOLE LIFE INTEGRAL 10 ANOS;F;73;1000000.0;87385.58;;;10;4 de dezembro de 2025;MAG\MULHER\MAG - MULHER - 73 ANOS.pdf
MAG;MAG_WL_INTEGRAL_10;WHOLE LIFE INTEGRAL 10 ANOS;F;74;1000000.0;89828.51;;;10;4 de dezembro de 2025;MAG\MULHER\MAG - MULHER - 74 ANOS.pdf
MAG;MAG_WL_INTEGRAL_10;WHOLE LIFE INTEGRAL 10 ANOS;F;75;1000000.0;92420.07;;;10;4 de dezembro de 2025;MAG\MULHER\MAG - MULHER - 75 ANOS.pdf
MAG;MAG_WL_INTEGRAL_10;WHOLE LIFE INTEGRAL 10 ANOS;F;76;1000000.0;95189.58;;;10;5 de março de 2026;MAG\MULHER\MAG - MULHER - 76 ANOS.pdf
MAG;MAG_WL_INTEGRAL_10;WHOLE LIFE INTEGRAL 10 ANOS;F;77;1000000.0;98151.35;;;10;5 de março de 2026;MAG\MULHER\MAG - MULHER - 77 ANOS.pdf
MAG;MAG_WL_INTEGRAL_10;WHOLE LIFE INTEGRAL 10 ANOS;F;78;1000000.0;101388.28;;;10;5 de março de 2026;MAG\MULHER\MAG - MULHER - 78 ANOS.pdf
MAG;MAG_WL_INTEGRAL_10;WHOLE LIFE INTEGRAL 10 ANOS;F;79;1000000.0;104907.3;;;10;5 de março de 2026;MAG\MULHER\MAG - MULHER - 79 ANOS.pdf
MAG;MAG_WL_INTEGRAL_10;WHOLE LIFE INTEGRAL 10 ANOS;F;80;1000000.0;108742.85;;;10;5 de março de 2026;MAG\MULHER\MAG - MULHER - 80 ANOS.pdf
MAG;MAG_WL_INTEGRAL_10;WHOLE LIFE INTEGRAL 10 ANOS;M;16;1000000.0;26531.92;;;10;27 de fevereiro de 2026;MAG\HOMEM_\MAG - HOMEM - 16 ANOS.pdf
MAG;MAG_WL_INTEGRAL_10;WHOLE LIFE INTEGRAL 10 ANOS;M;17;1000000.0;27164.46;;;10;27 de fevereiro de 2026;MAG\HOMEM_\MAG - HOMEM - 17 ANOS.pdf
MAG;MAG_WL_INTEGRAL_10;WHOLE LIFE INTEGRAL 10 ANOS;M;18;1000000.0;27794.56;;;10;8 de dezembro de 2025;MAG\HOMEM_\MAG - HOMEM - 18 ANOS.pdf
MAG;MAG_WL_INTEGRAL_10;WHOLE LIFE INTEGRAL 10 ANOS;M;19;1000000.0;28409.99;;;10;8 de dezembro de 2025;MAG\HOMEM_\MAG - HOMEM - 19 ANOS.pdf
MAG;MAG_WL_INTEGRAL_10;WHOLE LIFE INTEGRAL 10 ANOS;M;20;1000000.0;29020.36;;;10;8 de dezembro de 2025;MAG\HOMEM_\MAG - HOMEM - 20 ANOS.pdf
MAG;MAG_WL_INTEGRAL_10;WHOLE LIFE INTEGRAL 10 ANOS;M;21;1000000.0;29635.36;;;10;8 de dezembro de 2025;MAG\HOMEM_\MAG - HOMEM - 21 ANOS.pdf
MAG;MAG_WL_INTEGRAL_10;WHOLE LIFE INTEGRAL 10 ANOS;M;22;1000000.0;30266.21;;;10;8 de dezembro de 2025;MAG\HOMEM_\MAG - HOMEM - 22 ANOS.pdf
MAG;MAG_WL_INTEGRAL_10;WHOLE LIFE INTEGRAL 10 ANOS;M;23;1000000.0;30913.41;;;10;8 de dezembro de 2025;MAG\HOMEM_\MAG - HOMEM - 23 ANOS.pdf
MAG;MAG_WL_INTEGRAL_10;WHOLE LIFE INTEGRAL 10 ANOS;M;24;1000000.0;31584.19;;;10;8 de dezembro de 2025;MAG\HOMEM_\MAG - HOMEM - 24 ANOS.pdf
MAG;MAG_WL_INTEGRAL_10;WHOLE LIFE INTEGRAL 10 ANOS;M;25;1000000.0;32276.61;;;10;8 de dezembro de 2025;MAG\HOMEM_\MAG - HOMEM - 25 ANOS.pdf
MAG;MAG_WL_INTEGRAL_10;WHOLE LIFE INTEGRAL 10 ANOS;M;26;1000000.0;32990.12;;;10;8 de dezembro de 2025;MAG\HOMEM_\MAG - HOMEM - 26 ANOS.pdf
MAG;MAG_WL_INTEGRAL_10;WHOLE LIFE INTEGRAL 10 ANOS;M;27;1000000.0;33723.89;;;10;8 de dezembro de 2025;MAG\HOMEM_\MAG - HOMEM - 27 ANOS.pdf
MAG;MAG_WL_INTEGRAL_10;WHOLE LIFE INTEGRAL 10 ANOS;M;28;1000000.0;34479.37;;;10;8 de dezembro de 2025;MAG\HOMEM_\MAG - HOMEM - 28 ANOS.pdf
MAG;MAG_WL_INTEGRAL_10;WHOLE LIFE INTEGRAL 10 ANOS;M;29;1000000.0;35257.77;;;10;8 de dezembro de 2025;MAG\HOMEM_\MAG - HOMEM - 29 ANOS.pdf
MAG;MAG_WL_INTEGRAL_10;WHOLE LIFE INTEGRAL 10 ANOS;M;30;1000000.0;36056.61;;;10;8 de dezembro de 2025;MAG\HOMEM_\MAG - HOMEM - 30 ANOS.pdf
MAG;MAG_WL_INTEGRAL_10;WHOLE LIFE INTEGRAL 10 ANOS;M;31;1000000.0;36876.31;;;10;8 de dezembro de 2025;MAG\HOMEM_\MAG - HOMEM - 31 ANOS.pdf
MAG;MAG_WL_INTEGRAL_10;WHOLE LIFE INTEGRAL 10 ANOS;M;32;1000000.0;37717.21;;;10;8 de dezembro de 2025;MAG\HOMEM_\MAG - HOMEM - 32 ANOS.pdf
MAG;MAG_WL_INTEGRAL_10;WHOLE LIFE INTEGRAL 10 ANOS;M;33;1000000.0;38579.72;;;10;8 de dezembro de 2025;MAG\HOMEM_\MAG - HOMEM - 33 ANOS.pdf
MAG;MAG_WL_INTEGRAL_10;WHOLE LIFE INTEGRAL 10 ANOS;M;34;1000000.0;39463.41;;;10;8 de dezembro de 2025;MAG\HOMEM_\MAG - HOMEM - 34 ANOS.pdf
MAG;MAG_WL_INTEGRAL_10;WHOLE LIFE INTEGRAL 10 ANOS;M;35;1000000.0;40370.44;;;10;8 de dezembro de 2025;MAG\HOMEM_\MAG - HOMEM - 35 ANOS.pdf
MAG;MAG_WL_INTEGRAL_10;WHOLE LIFE INTEGRAL 10 ANOS;M;36;1000000.0;41301.71;;;10;8 de dezembro de 2025;MAG\HOMEM_\MAG - HOMEM - 36 ANOS.pdf
MAG;MAG_WL_INTEGRAL_10;WHOLE LIFE INTEGRAL 10 ANOS;M;37;1000000.0;42256.84;;;10;8 de dezembro de 2025;MAG\HOMEM_\MAG - HOMEM - 37 ANOS.pdf
MAG;MAG_WL_INTEGRAL_10;WHOLE LIFE INTEGRAL 10 ANOS;M;38;1000000.0;43233.08;;;10;8 de dezembro de 2025;MAG\HOMEM_\MAG - HOMEM - 38 ANOS.pdf
MAG;MAG_WL_INTEGRAL_10;WHOLE LIFE INTEGRAL 10 ANOS;M;39;1000000.0;44234.93;;;10;8 de dezembro de 2025;MAG\HOMEM_\MAG - HOMEM - 39 ANOS.pdf
MAG;MAG_WL_INTEGRAL_10;WHOLE LIFE INTEGRAL 10 ANOS;M;40;1000000.0;45265.2;;;10;8 de dezembro de 2025;MAG\HOMEM_\MAG - HOMEM - 40 ANOS.pdf
MAG;MAG_WL_INTEGRAL_10;WHOLE LIFE INTEGRAL 10 ANOS;M;41;1000000.0;46323.1;;;10;8 de dezembro de 2025;MAG\HOMEM_\MAG - HOMEM - 41 ANOS.pdf
MAG;MAG_WL_INTEGRAL_10;WHOLE LIFE INTEGRAL 10 ANOS;M;42;1000000.0;47407.73;;;10;8 de dezembro de 2025;MAG\HOMEM_\MAG - HOMEM - 42 ANOS.pdf
MAG;MAG_WL_INTEGRAL_10;WHOLE LIFE INTEGRAL 10 ANOS;M;43;1000000.0;48517.93;;;10;8 de dezembro de 2025;MAG\HOMEM_\MAG - HOMEM - 43 ANOS.pdf
MAG;MAG_WL_INTEGRAL_10;WHOLE LIFE INTEGRAL 10 ANOS;M;44;1000000.0;49659.61;;;10;8 de dezembro de 2025;MAG\HOMEM_\MAG - HOMEM - 44 ANOS.pdf
MAG;MAG_WL_INTEGRAL_10;WHOLE LIFE INTEGRAL 10 ANOS;M;45;1000000.0;50834.21;;;10;8 de dezembro de 2025;MAG\HOMEM_\MAG - HOMEM - 45 ANOS.pdf
MAG;MAG_WL_INTEGRAL_10;WHOLE LIFE INTEGRAL 10 ANOS;M;46;1000000.0;52043.95;;;10;8 de dezembro de 2025;MAG\HOMEM_\MAG - HOMEM - 46 ANOS.pdf
MAG;MAG_WL_INTEGRAL_10;WHOLE LIFE INTEGRAL 10 ANOS;M;47;1000000.0;53289.59;;;10;8 de dezembro de 2025;MAG\HOMEM_\MAG - HOMEM - 47 ANOS.pdf
MAG;MAG_WL_INTEGRAL_10;WHOLE LIFE INTEGRAL 10 ANOS;M;48;1000000.0;54572.35;;;10;8 de dezembro de 2025;MAG\HOMEM_\MAG - HOMEM - 48 ANOS.pdf
MAG;MAG_WL_INTEGRAL_10;WHOLE LIFE INTEGRAL 10 ANOS;M;49;1000000.0;55889.89;;;10;8 de dezembro de 2025;MAG\HOMEM_\MAG - HOMEM - 49 ANOS.pdf
MAG;MAG_WL_INTEGRAL_10;WHOLE LIFE INTEGRAL 10 ANOS;M;50;1000000.0;57248.94;;;10;8 de dezembro de 2025;MAG\HOMEM_\MAG - HOMEM - 50 ANOS.pdf
MAG;MAG_WL_INTEGRAL_10;WHOLE LIFE INTEGRAL 10 ANOS;M;51;1000000.0;58640.53;;;10;8 de dezembro de 2025;MAG\HOMEM_\MAG - HOMEM - 51 ANOS.pdf
MAG;MAG_WL_INTEGRAL_10;WHOLE LIFE INTEGRAL 10 ANOS;M;52;1000000.0;60066.85;;;10;8 de dezembro de 2025;MAG\HOMEM_\MAG - HOMEM - 52 ANOS.pdf
MAG;MAG_WL_INTEGRAL_10;WHOLE LIFE INTEGRAL 10 ANOS;M;53;1000000.0;61527.98;;;10;8 de dezembro de 2025;MAG\HOMEM_\MAG - HOMEM - 53 ANOS.pdf
MAG;MAG_WL_INTEGRAL_10;WHOLE LIFE INTEGRAL 10 ANOS;M;54;1000000.0;63026.96;;;10;8 de dezembro de 2025;MAG\HOMEM_\MAG - HOMEM - 54 ANOS.pdf
MAG;MAG_WL_INTEGRAL_10;WHOLE LIFE INTEGRAL 10 ANOS;M;55;1000000.0;64582.99;;;10;8 de dezembro de 2025;MAG\HOMEM_\MAG - HOMEM - 55 ANOS.pdf
MAG;MAG_WL_INTEGRAL_10;WHOLE LIFE INTEGRAL 10 ANOS;M;56;1000000.0;66188.15;;;10;8 de dezembro de 2025;MAG\HOMEM_\MAG - HOMEM - 56 ANOS.pdf
MAG;MAG_WL_INTEGRAL_10;WHOLE LIFE INTEGRAL 10 ANOS;M;57;1000000.0;67856.22;;;10;8 de dezembro de 2025;MAG\HOMEM_\MAG - HOMEM - 57 ANOS.pdf
MAG;MAG_WL_INTEGRAL_10;WHOLE LIFE INTEGRAL 10 ANOS;M;58;1000000.0;69584.72;;;10;8 de dezembro de 2025;MAG\HOMEM_\MAG - HOMEM - 58 ANOS.pdf
MAG;MAG_WL_INTEGRAL_10;WHOLE LIFE INTEGRAL 10 ANOS;M;59;1000000.0;71397.14;;;10;8 de dezembro de 2025;MAG\HOMEM_\MAG - HOMEM - 59 ANOS.pdf
MAG;MAG_WL_INTEGRAL_10;WHOLE LIFE INTEGRAL 10 ANOS;M;60;1000000.0;73274.31;;;10;8 de dezembro de 2025;MAG\HOMEM_\MAG - HOMEM - 60 ANOS.pdf
MAG;MAG_WL_INTEGRAL_10;WHOLE LIFE INTEGRAL 10 ANOS;M;61;1000000.0;75233.43;;;10;8 de dezembro de 2025;MAG\HOMEM_\MAG - HOMEM - 61 ANOS.pdf
MAG;MAG_WL_INTEGRAL_10;WHOLE LIFE INTEGRAL 10 ANOS;M;62;1000000.0;77165.66;;;10;8 de dezembro de 2025;MAG\HOMEM_\MAG - HOMEM - 62 ANOS.pdf
MAG;MAG_WL_INTEGRAL_10;WHOLE LIFE INTEGRAL 10 ANOS;M;63;1000000.0;79079.52;;;10;8 de dezembro de 2025;MAG\HOMEM_\MAG - HOMEM - 63 ANOS.pdf
MAG;MAG_WL_INTEGRAL_10;WHOLE LIFE INTEGRAL 10 ANOS;M;64;1000000.0;80944.76;;;10;8 de dezembro de 2025;MAG\HOMEM_\MAG - HOMEM - 64 ANOS.pdf
MAG;MAG_WL_INTEGRAL_10;WHOLE LIFE INTEGRAL 10 ANOS;M;65;1000000.0;82733.96;;;10;8 de dezembro de 2025;MAG\HOMEM_\MAG - HOMEM - 65 ANOS.pdf
MAG;MAG_WL_INTEGRAL_10;WHOLE LIFE INTEGRAL 10 ANOS;M;66;1000000.0;84439.42;;;10;8 de dezembro de 2025;MAG\HOMEM_\MAG - HOMEM - 66 ANOS.pdf
MAG;MAG_WL_INTEGRAL_10;WHOLE LIFE INTEGRAL 10 ANOS;M;67;1000000.0;86027.58;;;10;8 de dezembro de 2025;MAG\HOMEM_\MAG - HOMEM - 67 ANOS.pdf
MAG;MAG_WL_INTEGRAL_10;WHOLE LIFE INTEGRAL 10 ANOS;M;68;1000000.0;87488.1;;;10;8 de dezembro de 2025;MAG\HOMEM_\MAG - HOMEM - 68 ANOS.pdf
MAG;MAG_WL_INTEGRAL_10;WHOLE LIFE INTEGRAL 10 ANOS;M;69;1000000.0;88740.96;;;10;8 de dezembro de 2025;MAG\HOMEM_\MAG - HOMEM - 69 ANOS.pdf
MAG;MAG_WL_INTEGRAL_10;WHOLE LIFE INTEGRAL 10 ANOS;M;70;1000000.0;89767.57;;;10;8 de dezembro de 2025;MAG\HOMEM_\MAG - HOMEM - 70 ANOS.pdf
MAG;MAG_WL_INTEGRAL_10;WHOLE LIFE INTEGRAL 10 ANOS;M;71;1000000.0;92230.08;;;10;8 de dezembro de 2025;MAG\HOMEM_\MAG - HOMEM - 71 ANOS.pdf
MAG;MAG_WL_INTEGRAL_10;WHOLE LIFE INTEGRAL 10 ANOS;M;72;1000000.0;94813.68;;;10;8 de dezembro de 2025;MAG\HOMEM_\MAG - HOMEM - 72 ANOS.pdf
MAG;MAG_WL_INTEGRAL_10;WHOLE LIFE INTEGRAL 10 ANOS;M;73;1000000.0;97487.62;;;10;8 de dezembro de 2025;MAG\HOMEM_\MAG - HOMEM - 73 ANOS.pdf
MAG;MAG_WL_INTEGRAL_10;WHOLE LIFE INTEGRAL 10 ANOS;M;74;1000000.0;100248.83;;;10;8 de dezembro de 2025;MAG\HOMEM_\MAG - HOMEM - 74 ANOS.pdf
MAG;MAG_WL_INTEGRAL_10;WHOLE LIFE INTEGRAL 10 ANOS;M;75;1000000.0;103141.35;;;10;8 de dezembro de 2025;MAG\HOMEM_\MAG - HOMEM - 75 ANOS.pdf
MAG;MAG_WL_INTEGRAL_10;WHOLE LIFE INTEGRAL 10 ANOS;M;76;1000000.0;106338.07;;;10;5 de março de 2026;MAG\HOMEM_\MAG - HOMEM - 76 ANOS.pdf
MAG;MAG_WL_INTEGRAL_10;WHOLE LIFE INTEGRAL 10 ANOS;M;77;1000000.0;109781.59;;;10;5 de março de 2026;MAG\HOMEM_\MAG - HOMEM - 77 ANOS.pdf
MAG;MAG_WL_INTEGRAL_10;WHOLE LIFE INTEGRAL 10 ANOS;M;78;1000000.0;113488.97;;;10;5 de março de 2026;MAG\HOMEM_\MAG - HOMEM - 78 ANOS.pdf
MAG;MAG_WL_INTEGRAL_10;WHOLE LIFE INTEGRAL 10 ANOS;M;79;1000000.0;117421.57;;;10;5 de março de 2026;MAG\HOMEM_\MAG - HOMEM - 79 ANOS.pdf
MAG;MAG_WL_INTEGRAL_10;WHOLE LIFE INTEGRAL 10 ANOS;M;80;1000000.0;121805.84;;;10;5 de março de 2026;MAG\HOMEM_\MAG - HOMEM - 80 ANOS.pdf
MAG;MAG_WL_INTEGRAL_10__REEMISSAO;WHOLE LIFE INTEGRAL 10 ANOS;M;16;1000000.0;26531.92;;;10;12 de maio de 2026;MAG\H 12.05.2026\H - 16 Anos - MAG.pdf
MAG;MAG_WL_INTEGRAL_10__REEMISSAO;WHOLE LIFE INTEGRAL 10 ANOS;M;17;1000000.0;27164.46;;;10;12 de maio de 2026;MAG\H 12.05.2026\H - 17 Anos - MAG.pdf
MAG;MAG_WL_INTEGRAL_10__REEMISSAO;WHOLE LIFE INTEGRAL 10 ANOS;M;18;1000000.0;27794.56;;;10;12 de maio de 2026;MAG\H 12.05.2026\H - 18 Anos - MAG.pdf
MAG;MAG_WL_INTEGRAL_10__REEMISSAO;WHOLE LIFE INTEGRAL 10 ANOS;M;19;1000000.0;28409.99;;;10;12 de maio de 2026;MAG\H 12.05.2026\H - 19 Anos - MAG.pdf
MAG;MAG_WL_INTEGRAL_10__REEMISSAO;WHOLE LIFE INTEGRAL 10 ANOS;M;20;1000000.0;29020.36;;;10;12 de maio de 2026;MAG\H 12.05.2026\H - 20 Anos - MAG.pdf
MAG;MAG_WL_INTEGRAL_10__REEMISSAO;WHOLE LIFE INTEGRAL 10 ANOS;M;21;1000000.0;29635.36;;;10;12 de maio de 2026;MAG\H 12.05.2026\H - 21 Anos - MAG.pdf
MAG;MAG_WL_INTEGRAL_10__REEMISSAO;WHOLE LIFE INTEGRAL 10 ANOS;M;22;1000000.0;30266.21;;;10;12 de maio de 2026;MAG\H 12.05.2026\H - 22 Anos - MAG.pdf
MAG;MAG_WL_INTEGRAL_10__REEMISSAO;WHOLE LIFE INTEGRAL 10 ANOS;M;23;1000000.0;30913.41;;;10;12 de maio de 2026;MAG\H 12.05.2026\H - 23 Anos - MAG.pdf
MAG;MAG_WL_INTEGRAL_10__REEMISSAO;WHOLE LIFE INTEGRAL 10 ANOS;M;24;1000000.0;31584.19;;;10;12 de maio de 2026;MAG\H 12.05.2026\H - 24 Anos - MAG.pdf
MAG;MAG_WL_INTEGRAL_10__REEMISSAO;WHOLE LIFE INTEGRAL 10 ANOS;M;25;1000000.0;32276.61;;;10;12 de maio de 2026;MAG\H 12.05.2026\H - 25 Anos - MAG.pdf
MAG;MAG_WL_INTEGRAL_10__REEMISSAO;WHOLE LIFE INTEGRAL 10 ANOS;M;26;1000000.0;32990.12;;;10;12 de maio de 2026;MAG\H 12.05.2026\H - 26 Anos - MAG.pdf
MAG;MAG_WL_INTEGRAL_10__REEMISSAO;WHOLE LIFE INTEGRAL 10 ANOS;M;27;1000000.0;33723.89;;;10;12 de maio de 2026;MAG\H 12.05.2026\H - 27 Anos - MAG.pdf
MAG;MAG_WL_INTEGRAL_10__REEMISSAO;WHOLE LIFE INTEGRAL 10 ANOS;M;28;1000000.0;34479.37;;;10;12 de maio de 2026;MAG\H 12.05.2026\H - 28 Anos - MAG.pdf
MAG;MAG_WL_INTEGRAL_10__REEMISSAO;WHOLE LIFE INTEGRAL 10 ANOS;M;29;1000000.0;35257.77;;;10;12 de maio de 2026;MAG\H 12.05.2026\H - 29 Anos - MAG.pdf
MAG;MAG_WL_INTEGRAL_10__REEMISSAO;WHOLE LIFE INTEGRAL 10 ANOS;M;30;1000000.0;36056.61;;;10;12 de maio de 2026;MAG\H 12.05.2026\H - 30 Anos - MAG.pdf
MAG;MAG_WL_INTEGRAL_10__REEMISSAO;WHOLE LIFE INTEGRAL 10 ANOS;M;31;1000000.0;36876.31;;;10;12 de maio de 2026;MAG\H 12.05.2026\H - 31 Anos - MAG.pdf
MAG;MAG_WL_INTEGRAL_10__REEMISSAO;WHOLE LIFE INTEGRAL 10 ANOS;M;32;1000000.0;37717.21;;;10;12 de maio de 2026;MAG\H 12.05.2026\H - 32 Anos - MAG.pdf
MAG;MAG_WL_INTEGRAL_10__REEMISSAO;WHOLE LIFE INTEGRAL 10 ANOS;M;33;1000000.0;38579.72;;;10;12 de maio de 2026;MAG\H 12.05.2026\H - 33 Anos - MAG.pdf
MAG;MAG_WL_INTEGRAL_10__REEMISSAO;WHOLE LIFE INTEGRAL 10 ANOS;M;34;1000000.0;39463.41;;;10;12 de maio de 2026;MAG\H 12.05.2026\H - 34 Anos - MAG.pdf
MAG;MAG_WL_INTEGRAL_10__REEMISSAO;WHOLE LIFE INTEGRAL 10 ANOS;M;35;1000000.0;40370.44;;;10;12 de maio de 2026;MAG\H 12.05.2026\H - 35 Anos - MAG.pdf
MAG;MAG_WL_INTEGRAL_10__REEMISSAO;WHOLE LIFE INTEGRAL 10 ANOS;M;36;1000000.0;41301.71;;;10;12 de maio de 2026;MAG\H 12.05.2026\H - 36 Anos - MAG.pdf
MAG;MAG_WL_INTEGRAL_10__REEMISSAO;WHOLE LIFE INTEGRAL 10 ANOS;M;37;1000000.0;42256.84;;;10;12 de maio de 2026;MAG\H 12.05.2026\H - 37 Anos - MAG.pdf
MAG;MAG_WL_INTEGRAL_10__REEMISSAO;WHOLE LIFE INTEGRAL 10 ANOS;M;38;1000000.0;43233.08;;;10;12 de maio de 2026;MAG\H 12.05.2026\H - 38 Anos - MAG.pdf
MAG;MAG_WL_INTEGRAL_10__REEMISSAO;WHOLE LIFE INTEGRAL 10 ANOS;M;39;1000000.0;44234.93;;;10;12 de maio de 2026;MAG\H 12.05.2026\H - 39 Anos - MAG.pdf
MAG;MAG_WL_INTEGRAL_10__REEMISSAO;WHOLE LIFE INTEGRAL 10 ANOS;M;40;1000000.0;45265.2;;;10;12 de maio de 2026;MAG\H 12.05.2026\H - 40 Anos - MAG.pdf
MAG;MAG_WL_INTEGRAL_10__REEMISSAO;WHOLE LIFE INTEGRAL 10 ANOS;M;41;1000000.0;46323.1;;;10;12 de maio de 2026;MAG\H 12.05.2026\H - 41 Anos - MAG.pdf
MAG;MAG_WL_INTEGRAL_10__REEMISSAO;WHOLE LIFE INTEGRAL 10 ANOS;M;42;1000000.0;47407.73;;;10;12 de maio de 2026;MAG\H 12.05.2026\H - 42 Anos - MAG.pdf
MAG;MAG_WL_INTEGRAL_10__REEMISSAO;WHOLE LIFE INTEGRAL 10 ANOS;M;43;1000000.0;48517.93;;;10;12 de maio de 2026;MAG\H 12.05.2026\H - 43 Anos - MAG.pdf
MAG;MAG_WL_INTEGRAL_10__REEMISSAO;WHOLE LIFE INTEGRAL 10 ANOS;M;44;1000000.0;49659.61;;;10;12 de maio de 2026;MAG\H 12.05.2026\H - 44 Anos - MAG.pdf
MAG;MAG_WL_INTEGRAL_10__REEMISSAO;WHOLE LIFE INTEGRAL 10 ANOS;M;45;1000000.0;50834.21;;;10;12 de maio de 2026;MAG\H 12.05.2026\H - 45 Anos - MAG.pdf
MAG;MAG_WL_INTEGRAL_10__REEMISSAO;WHOLE LIFE INTEGRAL 10 ANOS;M;46;1000000.0;52043.95;;;10;12 de maio de 2026;MAG\H 12.05.2026\H - 46 Anos - MAG.pdf
MAG;MAG_WL_INTEGRAL_10__REEMISSAO;WHOLE LIFE INTEGRAL 10 ANOS;M;47;1000000.0;53289.59;;;10;12 de maio de 2026;MAG\H 12.05.2026\H - 47 Anos - MAG.pdf
MAG;MAG_WL_INTEGRAL_10__REEMISSAO;WHOLE LIFE INTEGRAL 10 ANOS;M;48;1000000.0;54572.35;;;10;12 de maio de 2026;MAG\H 12.05.2026\H - 48 Anos - MAG.pdf
MAG;MAG_WL_INTEGRAL_10__REEMISSAO;WHOLE LIFE INTEGRAL 10 ANOS;M;49;1000000.0;55889.89;;;10;12 de maio de 2026;MAG\H 12.05.2026\H - 49 Anos - MAG.pdf
MAG;MAG_WL_INTEGRAL_10__REEMISSAO;WHOLE LIFE INTEGRAL 10 ANOS;M;50;1000000.0;57248.94;;;10;12 de maio de 2026;MAG\H 12.05.2026\H - 50 Anos - MAG.pdf
MAG;MAG_WL_INTEGRAL_10__REEMISSAO;WHOLE LIFE INTEGRAL 10 ANOS;M;51;1000000.0;58640.53;;;10;12 de maio de 2026;MAG\H 12.05.2026\H - 51 Anos - MAG.pdf
MAG;MAG_WL_INTEGRAL_10__REEMISSAO;WHOLE LIFE INTEGRAL 10 ANOS;M;52;1000000.0;60066.85;;;10;12 de maio de 2026;MAG\H 12.05.2026\H - 52 Anos - MAG.pdf
MAG;MAG_WL_INTEGRAL_10__REEMISSAO;WHOLE LIFE INTEGRAL 10 ANOS;M;53;1000000.0;61527.98;;;10;12 de maio de 2026;MAG\H 12.05.2026\H - 53 Anos - MAG.pdf
MAG;MAG_WL_INTEGRAL_10__REEMISSAO;WHOLE LIFE INTEGRAL 10 ANOS;M;54;1000000.0;63026.96;;;10;12 de maio de 2026;MAG\H 12.05.2026\H - 54 Anos - MAG.pdf
MAG;MAG_WL_INTEGRAL_10__REEMISSAO;WHOLE LIFE INTEGRAL 10 ANOS;M;55;1000000.0;64582.99;;;10;12 de maio de 2026;MAG\H 12.05.2026\H - 55 Anos - MAG.pdf
MAG;MAG_WL_INTEGRAL_10__REEMISSAO;WHOLE LIFE INTEGRAL 10 ANOS;M;56;1000000.0;66188.15;;;10;12 de maio de 2026;MAG\H 12.05.2026\H - 56 Anos - MAG.pdf
MAG;MAG_WL_INTEGRAL_10__REEMISSAO;WHOLE LIFE INTEGRAL 10 ANOS;M;57;1000000.0;67856.22;;;10;12 de maio de 2026;MAG\H 12.05.2026\H - 57 Anos - MAG.pdf
MAG;MAG_WL_INTEGRAL_10__REEMISSAO;WHOLE LIFE INTEGRAL 10 ANOS;M;58;1000000.0;69584.72;;;10;12 de maio de 2026;MAG\H 12.05.2026\H - 58 Anos - MAG.pdf
MAG;MAG_WL_INTEGRAL_10__REEMISSAO;WHOLE LIFE INTEGRAL 10 ANOS;M;59;1000000.0;71397.14;;;10;12 de maio de 2026;MAG\H 12.05.2026\H - 59 Anos - MAG.pdf
MAG;MAG_WL_INTEGRAL_10__REEMISSAO;WHOLE LIFE INTEGRAL 10 ANOS;M;60;1000000.0;73274.31;;;10;12 de maio de 2026;MAG\H 12.05.2026\H - 60 Anos - MAG.pdf
MAG;MAG_WL_INTEGRAL_10__REEMISSAO;WHOLE LIFE INTEGRAL 10 ANOS;M;61;1000000.0;75233.43;;;10;12 de maio de 2026;MAG\H 12.05.2026\H - 61 Anos - MAG.pdf
MAG;MAG_WL_INTEGRAL_10__REEMISSAO;WHOLE LIFE INTEGRAL 10 ANOS;M;62;1000000.0;77165.66;;;10;12 de maio de 2026;MAG\H 12.05.2026\H - 62 Anos - MAG.pdf
MAG;MAG_WL_INTEGRAL_10__REEMISSAO;WHOLE LIFE INTEGRAL 10 ANOS;M;63;1000000.0;79079.52;;;10;12 de maio de 2026;MAG\H 12.05.2026\H - 63 Anos - MAG.pdf
MAG;MAG_WL_INTEGRAL_10__REEMISSAO;WHOLE LIFE INTEGRAL 10 ANOS;M;64;1000000.0;80944.76;;;10;12 de maio de 2026;MAG\H 12.05.2026\H - 64 Anos - MAG.pdf
MAG;MAG_WL_INTEGRAL_10__REEMISSAO;WHOLE LIFE INTEGRAL 10 ANOS;M;65;1000000.0;82733.96;;;10;12 de maio de 2026;MAG\H 12.05.2026\H - 65 Anos - MAG.pdf
MAG;MAG_WL_INTEGRAL_10__REEMISSAO;WHOLE LIFE INTEGRAL 10 ANOS;M;66;1000000.0;84439.42;;;10;12 de maio de 2026;MAG\H 12.05.2026\H - 66 Anos - MAG.pdf
MAG;MAG_WL_INTEGRAL_10__REEMISSAO;WHOLE LIFE INTEGRAL 10 ANOS;M;67;1000000.0;86027.58;;;10;12 de maio de 2026;MAG\H 12.05.2026\H - 67 Anos - MAG.pdf
MAG;MAG_WL_INTEGRAL_10__REEMISSAO;WHOLE LIFE INTEGRAL 10 ANOS;M;68;1000000.0;87488.1;;;10;12 de maio de 2026;MAG\H 12.05.2026\H - 68 Anos - MAG.pdf
MAG;MAG_WL_INTEGRAL_10__REEMISSAO;WHOLE LIFE INTEGRAL 10 ANOS;M;69;1000000.0;88740.96;;;10;12 de maio de 2026;MAG\H 12.05.2026\H - 69 Anos - MAG.pdf
MAG;MAG_WL_INTEGRAL_10__REEMISSAO;WHOLE LIFE INTEGRAL 10 ANOS;M;70;1000000.0;89767.57;;;10;12 de maio de 2026;MAG\H 12.05.2026\H - 70 Anos - MAG.pdf
MAG;MAG_WL_INTEGRAL_10__REEMISSAO;WHOLE LIFE INTEGRAL 10 ANOS;M;71;1000000.0;92230.08;;;10;12 de maio de 2026;MAG\H 12.05.2026\H - 71 Anos - MAG.pdf
MAG;MAG_WL_INTEGRAL_10__REEMISSAO;WHOLE LIFE INTEGRAL 10 ANOS;M;72;1000000.0;94813.68;;;10;12 de maio de 2026;MAG\H 12.05.2026\H - 72 Anos - MAG.pdf
MAG;MAG_WL_INTEGRAL_10__REEMISSAO;WHOLE LIFE INTEGRAL 10 ANOS;M;73;1000000.0;97487.62;;;10;12 de maio de 2026;MAG\H 12.05.2026\H - 73 Anos - MAG.pdf
MAG;MAG_WL_INTEGRAL_10__REEMISSAO;WHOLE LIFE INTEGRAL 10 ANOS;M;74;1000000.0;100248.83;;;10;12 de maio de 2026;MAG\H 12.05.2026\H - 74 Anos - MAG.pdf
MAG;MAG_WL_INTEGRAL_10__REEMISSAO;WHOLE LIFE INTEGRAL 10 ANOS;M;75;1000000.0;103141.35;;;10;12 de maio de 2026;MAG\H 12.05.2026\H - 75 Anos - MAG.pdf
MAG;MAG_WL_INTEGRAL_10__REEMISSAO;WHOLE LIFE INTEGRAL 10 ANOS;M;76;1000000.0;106338.07;;;10;12 de maio de 2026;MAG\H 12.05.2026\H - 76 Anos - MAG.pdf
MAG;MAG_WL_INTEGRAL_10__REEMISSAO;WHOLE LIFE INTEGRAL 10 ANOS;M;77;1000000.0;109781.59;;;10;12 de maio de 2026;MAG\H 12.05.2026\H - 77 Anos - MAG.pdf
MAG;MAG_WL_INTEGRAL_10__REEMISSAO;WHOLE LIFE INTEGRAL 10 ANOS;M;78;1000000.0;113488.97;;;10;12 de maio de 2026;MAG\H 12.05.2026\H - 78 Anos - MAG.pdf
MAG;MAG_WL_INTEGRAL_10__REEMISSAO;WHOLE LIFE INTEGRAL 10 ANOS;M;79;1000000.0;117421.57;;;10;12 de maio de 2026;MAG\H 12.05.2026\H - 79 Anos - MAG.pdf
MAG;MAG_WL_INTEGRAL_10__REEMISSAO;WHOLE LIFE INTEGRAL 10 ANOS;M;80;1000000.0;121805.84;;;10;12 de maio de 2026;MAG\H 12.05.2026\H - 80 Anos - MAG.pdf
MAG;MAG_WL_SUCESSAO_10;WHOLE LIFE SUCESSÃO 10 ANOS;F;16;1000000.0;17909.33;;;10;2 de junho de 2026;MAG\SUCESSÃO MULHER\MAG - MULHER - 16 ANOS.pdf
MAG;MAG_WL_SUCESSAO_10;WHOLE LIFE SUCESSÃO 10 ANOS;F;17;1000000.0;18351.97;;;10;2 de junho de 2026;MAG\SUCESSÃO MULHER\MAG - MULHER - 17 ANOS.pdf
MAG;MAG_WL_SUCESSAO_10;WHOLE LIFE SUCESSÃO 10 ANOS;F;18;1000000.0;18805.47;;;10;2 de junho de 2026;MAG\SUCESSÃO MULHER\MAG - MULHER - 18 ANOS.pdf
MAG;MAG_WL_SUCESSAO_10;WHOLE LIFE SUCESSÃO 10 ANOS;F;19;1000000.0;19270.09;;;10;2 de junho de 2026;MAG\SUCESSÃO MULHER\MAG - MULHER - 19 ANOS.pdf
MAG;MAG_WL_SUCESSAO_10;WHOLE LIFE SUCESSÃO 10 ANOS;F;20;1000000.0;19746.18;;;10;2 de junho de 2026;MAG\SUCESSÃO MULHER\MAG - MULHER - 20 ANOS.pdf
MAG;MAG_WL_SUCESSAO_10;WHOLE LIFE SUCESSÃO 10 ANOS;F;21;1000000.0;20234.04;;;10;2 de junho de 2026;MAG\SUCESSÃO MULHER\MAG - MULHER - 21 ANOS.pdf
MAG;MAG_WL_SUCESSAO_10;WHOLE LIFE SUCESSÃO 10 ANOS;F;22;1000000.0;20734.02;;;10;2 de junho de 2026;MAG\SUCESSÃO MULHER\MAG - MULHER - 22 ANOS.pdf
MAG;MAG_WL_SUCESSAO_10;WHOLE LIFE SUCESSÃO 10 ANOS;F;23;1000000.0;21246.43;;;10;2 de junho de 2026;MAG\SUCESSÃO MULHER\MAG - MULHER - 23 ANOS.pdf
MAG;MAG_WL_SUCESSAO_10;WHOLE LIFE SUCESSÃO 10 ANOS;F;24;1000000.0;21771.6;;;10;2 de junho de 2026;MAG\SUCESSÃO MULHER\MAG - MULHER - 24 ANOS.pdf
MAG;MAG_WL_SUCESSAO_10;WHOLE LIFE SUCESSÃO 10 ANOS;F;25;1000000.0;22309.78;;;10;2 de junho de 2026;MAG\SUCESSÃO MULHER\MAG - MULHER - 25 ANOS.pdf
MAG;MAG_WL_SUCESSAO_10;WHOLE LIFE SUCESSÃO 10 ANOS;F;26;1000000.0;22861.36;;;10;2 de junho de 2026;MAG\SUCESSÃO MULHER\MAG - MULHER - 26 ANOS.pdf
MAG;MAG_WL_SUCESSAO_10;WHOLE LIFE SUCESSÃO 10 ANOS;F;27;1000000.0;23426.64;;;10;2 de junho de 2026;MAG\SUCESSÃO MULHER\MAG - MULHER - 27 ANOS.pdf
MAG;MAG_WL_SUCESSAO_10;WHOLE LIFE SUCESSÃO 10 ANOS;F;28;1000000.0;24005.9;;;10;2 de junho de 2026;MAG\SUCESSÃO MULHER\MAG - MULHER - 28 ANOS.pdf
MAG;MAG_WL_SUCESSAO_10;WHOLE LIFE SUCESSÃO 10 ANOS;F;29;1000000.0;24599.51;;;10;2 de junho de 2026;MAG\SUCESSÃO MULHER\MAG - MULHER - 29 ANOS.pdf
MAG;MAG_WL_SUCESSAO_10;WHOLE LIFE SUCESSÃO 10 ANOS;F;30;1000000.0;25207.84;;;10;2 de abril de 2026;MAG\SUCESSÃO MULHER\MAG - MULHER - 30 ANOS_.pdf
MAG;MAG_WL_SUCESSAO_10;WHOLE LIFE SUCESSÃO 10 ANOS;F;31;1000000.0;25831.23;;;10;2 de junho de 2026;MAG\SUCESSÃO MULHER\MAG - MULHER - 31 ANOS.pdf
MAG;MAG_WL_SUCESSAO_10;WHOLE LIFE SUCESSÃO 10 ANOS;F;32;1000000.0;26470.08;;;10;2 de junho de 2026;MAG\SUCESSÃO MULHER\MAG - MULHER - 32 ANOS.pdf
MAG;MAG_WL_SUCESSAO_10;WHOLE LIFE SUCESSÃO 10 ANOS;F;33;1000000.0;27124.8;;;10;2 de junho de 2026;MAG\SUCESSÃO MULHER\MAG - MULHER - 33 ANOS.pdf
MAG;MAG_WL_SUCESSAO_10;WHOLE LIFE SUCESSÃO 10 ANOS;F;34;1000000.0;27795.7;;;10;2 de junho de 2026;MAG\SUCESSÃO MULHER\MAG - MULHER - 34 ANOS.pdf
MAG;MAG_WL_SUCESSAO_10;WHOLE LIFE SUCESSÃO 10 ANOS;F;35;1000000.0;28483.21;;;10;25 de maio de 2026;MAG\SUCESSÃO MULHER\MAG - MULHER - 35 ANOS SUCESSÃO.pdf
MAG;MAG_WL_SUCESSAO_10;WHOLE LIFE SUCESSÃO 10 ANOS;F;36;1000000.0;29187.66;;;10;2 de junho de 2026;MAG\SUCESSÃO MULHER\MAG - MULHER - 36 ANOS.pdf
MAG;MAG_WL_SUCESSAO_10;WHOLE LIFE SUCESSÃO 10 ANOS;F;37;1000000.0;29909.32;;;10;2 de junho de 2026;MAG\SUCESSÃO MULHER\MAG - MULHER - 37 ANOS.pdf
MAG;MAG_WL_SUCESSAO_10;WHOLE LIFE SUCESSÃO 10 ANOS;F;38;1000000.0;30648.5;;;10;2 de junho de 2026;MAG\SUCESSÃO MULHER\MAG - MULHER - 38 ANOS.pdf
MAG;MAG_WL_SUCESSAO_10;WHOLE LIFE SUCESSÃO 10 ANOS;F;39;1000000.0;31405.5;;;10;2 de junho de 2026;MAG\SUCESSÃO MULHER\MAG - MULHER - 39 ANOS.pdf
MAG;MAG_WL_SUCESSAO_10;WHOLE LIFE SUCESSÃO 10 ANOS;F;40;1000000.0;32180.67;;;10;2 de abril de 2026;MAG\SUCESSÃO MULHER\MAG - MULHER - 40 ANOS.pdf
MAG;MAG_WL_SUCESSAO_10;WHOLE LIFE SUCESSÃO 10 ANOS;F;41;1000000.0;32974.37;;;10;2 de junho de 2026;MAG\SUCESSÃO MULHER\MAG - MULHER - 41 ANOS.pdf
MAG;MAG_WL_SUCESSAO_10;WHOLE LIFE SUCESSÃO 10 ANOS;F;42;1000000.0;33787.04;;;10;2 de junho de 2026;MAG\SUCESSÃO MULHER\MAG - MULHER - 42 ANOS.pdf
MAG;MAG_WL_SUCESSAO_10;WHOLE LIFE SUCESSÃO 10 ANOS;F;43;1000000.0;34619.14;;;10;2 de junho de 2026;MAG\SUCESSÃO MULHER\MAG - MULHER - 43 ANOS.pdf
MAG;MAG_WL_SUCESSAO_10;WHOLE LIFE SUCESSÃO 10 ANOS;F;44;1000000.0;35471.28;;;10;2 de junho de 2026;MAG\SUCESSÃO MULHER\MAG - MULHER - 44 ANOS.pdf
MAG;MAG_WL_SUCESSAO_10;WHOLE LIFE SUCESSÃO 10 ANOS;F;45;1000000.0;36343.89;;;10;2 de junho de 2026;MAG\SUCESSÃO MULHER\MAG - MULHER - 45 ANOS.pdf
MAG;MAG_WL_SUCESSAO_10;WHOLE LIFE SUCESSÃO 10 ANOS;F;46;1000000.0;37237.58;;;10;2 de junho de 2026;MAG\SUCESSÃO MULHER\MAG - MULHER - 46 ANOS.pdf
MAG;MAG_WL_SUCESSAO_10;WHOLE LIFE SUCESSÃO 10 ANOS;F;47;1000000.0;38152.94;;;10;2 de junho de 2026;MAG\SUCESSÃO MULHER\MAG - MULHER - 47 ANOS.pdf
MAG;MAG_WL_SUCESSAO_10;WHOLE LIFE SUCESSÃO 10 ANOS;F;48;1000000.0;39090.4;;;10;2 de junho de 2026;MAG\SUCESSÃO MULHER\MAG - MULHER - 48 ANOS.pdf
MAG;MAG_WL_SUCESSAO_10;WHOLE LIFE SUCESSÃO 10 ANOS;F;49;1000000.0;40050.46;;;10;2 de junho de 2026;MAG\SUCESSÃO MULHER\MAG - MULHER - 49 ANOS.pdf
MAG;MAG_WL_SUCESSAO_10;WHOLE LIFE SUCESSÃO 10 ANOS;F;50;1000000.0;41033.64;;;10;2 de abril de 2026;MAG\SUCESSÃO MULHER\MAG - MULHER - 50 ANOS_.pdf
MAG;MAG_WL_SUCESSAO_10;WHOLE LIFE SUCESSÃO 10 ANOS;F;51;1000000.0;42040.41;;;10;4 de junho de 2026;MAG\SUCESSÃO MULHER\MAG - MULHER - 51 ANOS.pdf
MAG;MAG_WL_SUCESSAO_10;WHOLE LIFE SUCESSÃO 10 ANOS;F;52;1000000.0;43071.27;;;10;4 de junho de 2026;MAG\SUCESSÃO MULHER\MAG - MULHER - 52 ANOS.pdf
MAG;MAG_WL_SUCESSAO_10;WHOLE LIFE SUCESSÃO 10 ANOS;F;53;1000000.0;44126.62;;;10;4 de junho de 2026;MAG\SUCESSÃO MULHER\MAG - MULHER - 53 ANOS.pdf
MAG;MAG_WL_SUCESSAO_10;WHOLE LIFE SUCESSÃO 10 ANOS;F;54;1000000.0;45206.98;;;10;4 de junho de 2026;MAG\SUCESSÃO MULHER\MAG - MULHER - 54 ANOS.pdf
MAG;MAG_WL_SUCESSAO_10;WHOLE LIFE SUCESSÃO 10 ANOS;F;55;1000000.0;46313.14;;;10;4 de junho de 2026;MAG\SUCESSÃO MULHER\MAG - MULHER - 55 ANOS.pdf
MAG;MAG_WL_SUCESSAO_10;WHOLE LIFE SUCESSÃO 10 ANOS;F;56;1000000.0;47445.94;;;10;4 de junho de 2026;MAG\SUCESSÃO MULHER\MAG - MULHER - 56 ANOS.pdf
MAG;MAG_WL_SUCESSAO_10;WHOLE LIFE SUCESSÃO 10 ANOS;F;57;1000000.0;48606.39;;;10;4 de junho de 2026;MAG\SUCESSÃO MULHER\MAG - MULHER - 57 ANOS.pdf
MAG;MAG_WL_SUCESSAO_10;WHOLE LIFE SUCESSÃO 10 ANOS;F;58;1000000.0;49795.66;;;10;4 de junho de 2026;MAG\SUCESSÃO MULHER\MAG - MULHER - 58 ANOS.pdf
MAG;MAG_WL_SUCESSAO_10;WHOLE LIFE SUCESSÃO 10 ANOS;F;59;1000000.0;51014.84;;;10;4 de junho de 2026;MAG\SUCESSÃO MULHER\MAG - MULHER - 59 ANOS.pdf
MAG;MAG_WL_SUCESSAO_10;WHOLE LIFE SUCESSÃO 10 ANOS;F;60;1000000.0;52264.74;;;10;2 de abril de 2026;MAG\SUCESSÃO MULHER\MAG - MULHER - 60 ANOS_.pdf
MAG;MAG_WL_SUCESSAO_10;WHOLE LIFE SUCESSÃO 10 ANOS;F;61;1000000.0;53545.94;;;10;4 de junho de 2026;MAG\SUCESSÃO MULHER\MAG - MULHER - 61 ANOS.pdf
MAG;MAG_WL_SUCESSAO_10;WHOLE LIFE SUCESSÃO 10 ANOS;F;62;1000000.0;54858.83;;;10;4 de junho de 2026;MAG\SUCESSÃO MULHER\MAG - MULHER - 62 ANOS.pdf
MAG;MAG_WL_SUCESSAO_10;WHOLE LIFE SUCESSÃO 10 ANOS;F;63;1000000.0;56203.46;;;10;4 de junho de 2026;MAG\SUCESSÃO MULHER\MAG - MULHER - 63 ANOS.pdf
MAG;MAG_WL_SUCESSAO_10;WHOLE LIFE SUCESSÃO 10 ANOS;F;64;1000000.0;57580.15;;;10;4 de junho de 2026;MAG\SUCESSÃO MULHER\MAG - MULHER - 64 ANOS.pdf
MAG;MAG_WL_SUCESSAO_10;WHOLE LIFE SUCESSÃO 10 ANOS;F;65;1000000.0;58989.62;;;10;4 de junho de 2026;MAG\SUCESSÃO MULHER\MAG - MULHER - 65 ANOS.pdf
MAG;MAG_WL_SUCESSAO_10;WHOLE LIFE SUCESSÃO 10 ANOS;F;66;1000000.0;60433.24;;;10;4 de junho de 2026;MAG\SUCESSÃO MULHER\MAG - MULHER - 66 ANOS.pdf
MAG;MAG_WL_SUCESSAO_10;WHOLE LIFE SUCESSÃO 10 ANOS;F;67;1000000.0;61912.81;;;10;4 de junho de 2026;MAG\SUCESSÃO MULHER\MAG - MULHER - 67 ANOS.pdf
MAG;MAG_WL_SUCESSAO_10;WHOLE LIFE SUCESSÃO 10 ANOS;F;68;1000000.0;63430.69;;;10;4 de junho de 2026;MAG\SUCESSÃO MULHER\MAG - MULHER - 68 ANOS.pdf
MAG;MAG_WL_SUCESSAO_10;WHOLE LIFE SUCESSÃO 10 ANOS;F;69;1000000.0;64989.24;;;10;4 de junho de 2026;MAG\SUCESSÃO MULHER\MAG - MULHER - 69 ANOS.pdf
MAG;MAG_WL_SUCESSAO_10;WHOLE LIFE SUCESSÃO 10 ANOS;F;70;1000000.0;66590.23;;;10;2 de abril de 2026;MAG\SUCESSÃO MULHER\MAG - MULHER - 70 ANOS_.pdf
MAG;MAG_WL_SUCESSAO_10;WHOLE LIFE SUCESSÃO 10 ANOS;F;71;1000000.0;68234.96;;;10;4 de junho de 2026;MAG\SUCESSÃO MULHER\MAG - MULHER - 71 ANOS.pdf
MAG;MAG_WL_SUCESSAO_10;WHOLE LIFE SUCESSÃO 10 ANOS;F;72;1000000.0;69924.14;;;10;4 de junho de 2026;MAG\SUCESSÃO MULHER\MAG - MULHER - 72 ANOS.pdf
MAG;MAG_WL_SUCESSAO_10;WHOLE LIFE SUCESSÃO 10 ANOS;F;73;1000000.0;71657.94;;;10;4 de junho de 2026;MAG\SUCESSÃO MULHER\MAG - MULHER - 73 ANOS.pdf
MAG;MAG_WL_SUCESSAO_10;WHOLE LIFE SUCESSÃO 10 ANOS;F;74;1000000.0;73436.88;;;10;4 de junho de 2026;MAG\SUCESSÃO MULHER\MAG - MULHER - 74 ANOS.pdf
MAG;MAG_WL_SUCESSAO_10;WHOLE LIFE SUCESSÃO 10 ANOS;F;75;1000000.0;75262.17;;;10;4 de junho de 2026;MAG\SUCESSÃO MULHER\MAG - MULHER - 75 ANOS.pdf
MAG;MAG_WL_SUCESSAO_10;WHOLE LIFE SUCESSÃO 10 ANOS;F;76;1000000.0;77136.05;;;10;4 de junho de 2026;MAG\SUCESSÃO MULHER\MAG - MULHER - 76 ANOS.pdf
MAG;MAG_WL_SUCESSAO_10;WHOLE LIFE SUCESSÃO 10 ANOS;F;77;1000000.0;79061.71;;;10;4 de junho de 2026;MAG\SUCESSÃO MULHER\MAG - MULHER - 77 ANOS.pdf
MAG;MAG_WL_SUCESSAO_10;WHOLE LIFE SUCESSÃO 10 ANOS;F;78;700000.0;56730.23;;;10;4 de junho de 2026;MAG\SUCESSÃO MULHER\MAG - MULHER - 78 ANOS LIMITE DE 700K.pdf
MAG;MAG_WL_SUCESSAO_10;WHOLE LIFE SUCESSÃO 10 ANOS;F;79;700000.0;58159.28;;;10;4 de junho de 2026;MAG\SUCESSÃO MULHER\MAG - MULHER - 79 ANOS.pdf
MAG;MAG_WL_SUCESSAO_10;WHOLE LIFE SUCESSÃO 10 ANOS;F;80;700000.0;59632.82;;;10;4 de junho de 2026;MAG\SUCESSÃO MULHER\MAG - MULHER - 80 ANOS.pdf
MAG;MAG_WL_SUCESSAO_10;WHOLE LIFE SUCESSÃO 10 ANOS;M;16;1000000.0;18446.27;;;10;11 de abril de 2026;MAG\SUCESSÃO HOMEM\MAG - HOMEM - 16 ANOS.pdf
MAG;MAG_WL_SUCESSAO_10;WHOLE LIFE SUCESSÃO 10 ANOS;M;17;1000000.0;18898.66;;;10;11 de abril de 2026;MAG\SUCESSÃO HOMEM\MAG - HOMEM - 17ANOS.pdf
MAG;MAG_WL_SUCESSAO_10;WHOLE LIFE SUCESSÃO 10 ANOS;M;18;1000000.0;19361.57;;;10;11 de abril de 2026;MAG\SUCESSÃO HOMEM\MAG - HOMEM - 18 ANOS.pdf
MAG;MAG_WL_SUCESSAO_10;WHOLE LIFE SUCESSÃO 10 ANOS;M;19;1000000.0;19835.43;;;10;11 de abril de 2026;MAG\SUCESSÃO HOMEM\MAG - HOMEM - 19 ANOS.pdf
MAG;MAG_WL_SUCESSAO_10;WHOLE LIFE SUCESSÃO 10 ANOS;M;20;1000000.0;20320.78;;;10;11 de abril de 2026;MAG\SUCESSÃO HOMEM\MAG - HOMEM - 20 ANOS.pdf
MAG;MAG_WL_SUCESSAO_10;WHOLE LIFE SUCESSÃO 10 ANOS;M;21;1000000.0;20818.16;;;10;11 de abril de 2026;MAG\SUCESSÃO HOMEM\MAG - HOMEM - 21 ANOS.pdf
MAG;MAG_WL_SUCESSAO_10;WHOLE LIFE SUCESSÃO 10 ANOS;M;22;1000000.0;21328.0;;;10;11 de abril de 2026;MAG\SUCESSÃO HOMEM\MAG - HOMEM - 22 ANOS.pdf
MAG;MAG_WL_SUCESSAO_10;WHOLE LIFE SUCESSÃO 10 ANOS;M;23;1000000.0;21850.75;;;10;11 de abril de 2026;MAG\SUCESSÃO HOMEM\MAG - HOMEM - 23 ANOS.pdf
MAG;MAG_WL_SUCESSAO_10;WHOLE LIFE SUCESSÃO 10 ANOS;M;24;1000000.0;22386.88;;;10;11 de abril de 2026;MAG\SUCESSÃO HOMEM\MAG - HOMEM  - 24 ANOS.pdf
MAG;MAG_WL_SUCESSAO_10;WHOLE LIFE SUCESSÃO 10 ANOS;M;25;1000000.0;22936.74;;;10;11 de abril de 2026;MAG\SUCESSÃO HOMEM\MAG - HOMEM - 25 ANOS.pdf
MAG;MAG_WL_SUCESSAO_10;WHOLE LIFE SUCESSÃO 10 ANOS;M;26;1000000.0;23500.74;;;10;11 de abril de 2026;MAG\SUCESSÃO HOMEM\MAG - HOMEM - 26 ANOS.pdf
MAG;MAG_WL_SUCESSAO_10;WHOLE LIFE SUCESSÃO 10 ANOS;M;27;1000000.0;24079.14;;;10;11 de abril de 2026;MAG\SUCESSÃO HOMEM\MAG - HOMEM - 27 ANOS.pdf
MAG;MAG_WL_SUCESSAO_10;WHOLE LIFE SUCESSÃO 10 ANOS;M;28;1000000.0;24672.2;;;10;11 de abril de 2026;MAG\SUCESSÃO HOMEM\MAG - HOMEM - 28 ANOS.pdf
MAG;MAG_WL_SUCESSAO_10;WHOLE LIFE SUCESSÃO 10 ANOS;M;29;1000000.0;25280.29;;;10;11 de abril de 2026;MAG\SUCESSÃO HOMEM\MAG - HOMEM - 29 ANOS.pdf
MAG;MAG_WL_SUCESSAO_10;WHOLE LIFE SUCESSÃO 10 ANOS;M;30;1000000.0;25903.64;;;10;11 de abril de 2026;MAG\SUCESSÃO HOMEM\MAG - HOMEM - 30 ANOS.pdf
MAG;MAG_WL_SUCESSAO_10;WHOLE LIFE SUCESSÃO 10 ANOS;M;31;1000000.0;26542.59;;;10;11 de abril de 2026;MAG\SUCESSÃO HOMEM\MAG - HOMEM - 31 ANOS.pdf
MAG;MAG_WL_SUCESSAO_10;WHOLE LIFE SUCESSÃO 10 ANOS;M;32;1000000.0;27197.44;;;10;11 de abril de 2026;MAG\SUCESSÃO HOMEM\MAG - HOMEM - 32 ANOS.pdf
MAG;MAG_WL_SUCESSAO_10;WHOLE LIFE SUCESSÃO 10 ANOS;M;33;1000000.0;27868.49;;;10;11 de abril de 2026;MAG\SUCESSÃO HOMEM\MAG - HOMEM - 33 ANOS.pdf
MAG;MAG_WL_SUCESSAO_10;WHOLE LIFE SUCESSÃO 10 ANOS;M;34;1000000.0;28556.14;;;10;11 de abril de 2026;MAG\SUCESSÃO HOMEM\MAG - HOMEM - 34 ANOS.pdf
MAG;MAG_WL_SUCESSAO_10;WHOLE LIFE SUCESSÃO 10 ANOS;M;35;1000000.0;29260.71;;;10;11 de abril de 2026;MAG\SUCESSÃO HOMEM\MAG - HOMEM - 35 ANOS.pdf
MAG;MAG_WL_SUCESSAO_10;WHOLE LIFE SUCESSÃO 10 ANOS;M;36;1000000.0;29982.54;;;10;11 de abril de 2026;MAG\SUCESSÃO HOMEM\MAG - HOMEM - 36 ANOS.pdf
MAG;MAG_WL_SUCESSAO_10;WHOLE LIFE SUCESSÃO 10 ANOS;M;37;1000000.0;30721.94;;;10;11 de abril de 2026;MAG\SUCESSÃO HOMEM\MAG - HOMEM - 37 ANOS.pdf
MAG;MAG_WL_SUCESSAO_10;WHOLE LIFE SUCESSÃO 10 ANOS;M;38;1000000.0;31479.25;;;10;11 de abril de 2026;MAG\SUCESSÃO HOMEM\MAG - HOMEM - 38 ANOS.pdf
MAG;MAG_WL_SUCESSAO_10;WHOLE LIFE SUCESSÃO 10 ANOS;M;39;1000000.0;32254.87;;;10;11 de abril de 2026;MAG\SUCESSÃO HOMEM\MAG - HOMEM - 39 ANOS.pdf
MAG;MAG_WL_SUCESSAO_10;WHOLE LIFE SUCESSÃO 10 ANOS;M;40;1000000.0;33049.11;;;10;11 de abril de 2026;MAG\SUCESSÃO HOMEM\MAG - HOMEM - 40 ANOS.pdf
MAG;MAG_WL_SUCESSAO_10;WHOLE LIFE SUCESSÃO 10 ANOS;M;41;1000000.0;33862.34;;;10;27 de maio de 2026;MAG\SUCESSÃO HOMEM\MAG - HOMEM - 41 ANOS.pdf
MAG;MAG_WL_SUCESSAO_10;WHOLE LIFE SUCESSÃO 10 ANOS;M;42;1000000.0;34694.96;;;10;27 de maio de 2026;MAG\SUCESSÃO HOMEM\MAG - HOMEM - 42 ANOS.pdf
MAG;MAG_WL_SUCESSAO_10;WHOLE LIFE SUCESSÃO 10 ANOS;M;43;1000000.0;35547.42;;;10;27 de maio de 2026;MAG\SUCESSÃO HOMEM\MAG - HOMEM - 43 ANOS.pdf
MAG;MAG_WL_SUCESSAO_10;WHOLE LIFE SUCESSÃO 10 ANOS;M;44;1000000.0;36420.16;;;10;27 de maio de 2026;MAG\SUCESSÃO HOMEM\MAG - HOMEM - 44 ANOS.pdf
MAG;MAG_WL_SUCESSAO_10;WHOLE LIFE SUCESSÃO 10 ANOS;M;45;1000000.0;37313.65;;;10;27 de maio de 2026;MAG\SUCESSÃO HOMEM\MAG - HOMEM - 45 ANOS.pdf
MAG;MAG_WL_SUCESSAO_10;WHOLE LIFE SUCESSÃO 10 ANOS;M;46;1000000.0;38228.46;;;10;27 de maio de 2026;MAG\SUCESSÃO HOMEM\MAG - HOMEM - 46 ANOS.pdf
MAG;MAG_WL_SUCESSAO_10;WHOLE LIFE SUCESSÃO 10 ANOS;M;47;1000000.0;39165.08;;;10;27 de maio de 2026;MAG\SUCESSÃO HOMEM\MAG - HOMEM - 47 ANOS.pdf
MAG;MAG_WL_SUCESSAO_10;WHOLE LIFE SUCESSÃO 10 ANOS;M;48;1000000.0;40124.1;;;10;27 de maio de 2026;MAG\SUCESSÃO HOMEM\MAG - HOMEM - 48 ANOS.pdf
MAG;MAG_WL_SUCESSAO_10;WHOLE LIFE SUCESSÃO 10 ANOS;M;49;1000000.0;41106.12;;;10;27 de maio de 2026;MAG\SUCESSÃO HOMEM\MAG - HOMEM - 49 ANOS.pdf
MAG;MAG_WL_SUCESSAO_10;WHOLE LIFE SUCESSÃO 10 ANOS;M;50;1000000.0;42111.58;;;10;2 de abril de 2026;MAG\SUCESSÃO HOMEM\MAG - HOMEM - 50 ANOS_.pdf
MAG;MAG_WL_SUCESSAO_10;WHOLE LIFE SUCESSÃO 10 ANOS;M;51;1000000.0;43141.01;;;10;27 de maio de 2026;MAG\SUCESSÃO HOMEM\MAG - HOMEM - 51 ANOS.pdf
MAG;MAG_WL_SUCESSAO_10;WHOLE LIFE SUCESSÃO 10 ANOS;M;52;1000000.0;44194.7;;;10;27 de maio de 2026;MAG\SUCESSÃO HOMEM\MAG - HOMEM - 52 ANOS.pdf
MAG;MAG_WL_SUCESSAO_10;WHOLE LIFE SUCESSÃO 10 ANOS;M;53;1000000.0;45273.12;;;10;27 de maio de 2026;MAG\SUCESSÃO HOMEM\MAG - HOMEM - 53 ANOS.pdf
MAG;MAG_WL_SUCESSAO_10;WHOLE LIFE SUCESSÃO 10 ANOS;M;54;1000000.0;46376.58;;;10;27 de maio de 2026;MAG\SUCESSÃO HOMEM\MAG - HOMEM - 54 ANOS.pdf
MAG;MAG_WL_SUCESSAO_10;WHOLE LIFE SUCESSÃO 10 ANOS;M;55;1000000.0;47505.6;;;10;27 de maio de 2026;MAG\SUCESSÃO HOMEM\MAG - HOMEM - 55 ANOS.pdf
MAG;MAG_WL_SUCESSAO_10;WHOLE LIFE SUCESSÃO 10 ANOS;M;56;1000000.0;48660.83;;;10;27 de maio de 2026;MAG\SUCESSÃO HOMEM\MAG - HOMEM - 56 ANOS.pdf
MAG;MAG_WL_SUCESSAO_10;WHOLE LIFE SUCESSÃO 10 ANOS;M;57;1000000.0;49843.04;;;10;27 de maio de 2026;MAG\SUCESSÃO HOMEM\MAG - HOMEM - 57 ANOS.pdf
MAG;MAG_WL_SUCESSAO_10;WHOLE LIFE SUCESSÃO 10 ANOS;M;58;1000000.0;51053.08;;;10;27 de maio de 2026;MAG\SUCESSÃO HOMEM\MAG - HOMEM - 58 ANOS.pdf
MAG;MAG_WL_SUCESSAO_10;WHOLE LIFE SUCESSÃO 10 ANOS;M;59;1000000.0;52291.83;;;10;27 de maio de 2026;MAG\SUCESSÃO HOMEM\MAG - HOMEM - 59 ANOS.pdf
MAG;MAG_WL_SUCESSAO_10;WHOLE LIFE SUCESSÃO 10 ANOS;M;60;1000000.0;53560.05;;;10;2 de abril de 2026;MAG\SUCESSÃO HOMEM\MAG - HOMEM - 60 ANOS_.pdf
MAG;MAG_WL_SUCESSAO_10;WHOLE LIFE SUCESSÃO 10 ANOS;M;61;1000000.0;54858.36;;;10;27 de maio de 2026;MAG\SUCESSÃO HOMEM\MAG - HOMEM - 61 ANOS.pdf
MAG;MAG_WL_SUCESSAO_10;WHOLE LIFE SUCESSÃO 10 ANOS;M;62;1000000.0;56187.23;;;10;27 de maio de 2026;MAG\SUCESSÃO HOMEM\MAG - HOMEM - 62 ANOS.pdf
MAG;MAG_WL_SUCESSAO_10;WHOLE LIFE INTEGRAL 10 ANOS;M;63;1000000.0;79079.52;;;10;27 de maio de 2026;MAG\SUCESSÃO HOMEM\MAG - HOMEM - 63 ANOS.pdf
MAG;MAG_WL_SUCESSAO_10;WHOLE LIFE SUCESSÃO 10 ANOS;M;64;1000000.0;58938.76;;;10;27 de maio de 2026;MAG\SUCESSÃO HOMEM\MAG - HOMEM - 64 ANOS.pdf
MAG;MAG_WL_SUCESSAO_10;WHOLE LIFE SUCESSÃO 10 ANOS;M;65;1000000.0;60362.82;;;10;27 de maio de 2026;MAG\SUCESSÃO HOMEM\MAG - HOMEM - 65 ANOS.pdf
MAG;MAG_WL_SUCESSAO_10;WHOLE LIFE SUCESSÃO 10 ANOS;M;66;1000000.0;61820.6;;;10;27 de maio de 2026;MAG\SUCESSÃO HOMEM\MAG - HOMEM - 66 ANOS.pdf
MAG;MAG_WL_SUCESSAO_10;WHOLE LIFE SUCESSÃO 10 ANOS;M;67;1000000.0;63313.61;;;10;27 de maio de 2026;MAG\SUCESSÃO HOMEM\MAG - HOMEM - 67 ANOS.pdf
MAG;MAG_WL_SUCESSAO_10;WHOLE LIFE SUCESSÃO 10 ANOS;M;68;1000000.0;64843.64;;;10;27 de maio de 2026;MAG\SUCESSÃO HOMEM\MAG - HOMEM - 68 ANOS.pdf
MAG;MAG_WL_SUCESSAO_10;WHOLE LIFE SUCESSÃO 10 ANOS;M;69;1000000.0;66412.31;;;10;27 de maio de 2026;MAG\SUCESSÃO HOMEM\MAG - HOMEM - 69 ANOS.pdf
MAG;MAG_WL_SUCESSAO_10;WHOLE LIFE SUCESSÃO 10 ANOS;M;70;1000000.0;68020.81;;;10;2 de abril de 2026;MAG\SUCESSÃO HOMEM\MAG- HOMEM - 70 ANOS.pdf
MAG;MAG_WL_SUCESSAO_10;WHOLE LIFE SUCESSÃO 10 ANOS;M;71;1000000.0;69669.84;;;10;27 de maio de 2026;MAG\SUCESSÃO HOMEM\MAG - HOMEM - 71 ANOS.pdf
MAG;MAG_WL_SUCESSAO_10;WHOLE LIFE SUCESSÃO 10 ANOS;M;72;1000000.0;71359.73;;;10;27 de maio de 2026;MAG\SUCESSÃO HOMEM\MAG - HOMEM - 72 ANOS.pdf
MAG;MAG_WL_SUCESSAO_10;WHOLE LIFE SUCESSÃO 10 ANOS;M;73;1000000.0;73090.46;;;10;27 de maio de 2026;MAG\SUCESSÃO HOMEM\MAG - HOMEM - 73 ANOS.pdf
MAG;MAG_WL_SUCESSAO_10;WHOLE LIFE SUCESSÃO 10 ANOS;M;74;1000000.0;74862.22;;;10;27 de maio de 2026;MAG\SUCESSÃO HOMEM\MAG - HOMEM - 74 ANOS.pdf
MAG;MAG_WL_SUCESSAO_10;WHOLE LIFE SUCESSÃO 10 ANOS;M;75;1000000.0;76676.27;;;10;27 de maio de 2026;MAG\SUCESSÃO HOMEM\MAG - HOMEM - 75 ANOS.pdf
MAG;MAG_WL_SUCESSAO_10;WHOLE LIFE SUCESSÃO 10 ANOS;M;76;1000000.0;78534.96;;;10;27 de maio de 2026;MAG\SUCESSÃO HOMEM\MAG - HOMEM - 76 ANOS.pdf
MAG;MAG_WL_SUCESSAO_10;WHOLE LIFE SUCESSÃO 10 ANOS;M;77;1000000.0;80441.58;;;10;27 de maio de 2026;MAG\SUCESSÃO HOMEM\MAG - HOMEM - 77 ANOS.pdf
MAG;MAG_WL_SUCESSAO_10;WHOLE LIFE SUCESSÃO 10 ANOS;M;78;700000.0;57680.27;;;10;27 de maio de 2026;MAG\SUCESSÃO HOMEM\MAG - HOMEM - 78 ANOS LIMITE DE 700K.pdf
MAG;MAG_WL_SUCESSAO_10;WHOLE LIFE SUCESSÃO 10 ANOS;M;79;700000.0;59090.95;;;10;27 de maio de 2026;MAG\SUCESSÃO HOMEM\MAG - HOMEM - 79 ANOS LIMITE DE 700K.pdf
MAG;MAG_WL_SUCESSAO_10;WHOLE LIFE SUCESSÃO 10 ANOS;M;80;700000.0;60543.45;;;10;27 de maio de 2026;MAG\SUCESSÃO HOMEM\MAG - HOMEM - 80 ANOS LIMITE DE 700K.pdf
METLIFE;METLIFE_VIDA_TOTAL_10;Vida Total;F;18;1000000.0;24251.26;24343.41;2104.98;10;15/01/2026;METLIFE\MULHER\METLIFE - MULHER - 18 ANOS.pdf
METLIFE;METLIFE_VIDA_TOTAL_10;Vida Total;F;19;1000000.0;24882.94;24977.5;2159.83;10;15/01/2026;METLIFE\MULHER\METLIFE - MULHER - 19 ANOS.pdf
METLIFE;METLIFE_VIDA_TOTAL_10;Vida Total;F;20;1000000.0;25530.98;25628.0;2216.1;10;15/01/2026;METLIFE\MULHER\METLIFE - MULHER - 20 ANOS.pdf
METLIFE;METLIFE_VIDA_TOTAL_10;Vida Total;F;21;1000000.0;26197.21;26296.76;2273.95;10;15/01/2026;METLIFE\MULHER\METLIFE - MULHER - 21 ANOS.pdf
METLIFE;METLIFE_VIDA_TOTAL_10;Vida Total;F;22;1000000.0;26882.26;26984.41;2333.44;10;15/01/2026;METLIFE\MULHER\METLIFE - MULHER - 22 ANOS.pdf
METLIFE;METLIFE_VIDA_TOTAL_10;Vida Total;F;23;1000000.0;27588.07;27692.9;2394.74;10;15/01/2026;METLIFE\MULHER\METLIFE - MULHER - 23 ANOS.pdf
METLIFE;METLIFE_VIDA_TOTAL_10;Vida Total;F;24;1000000.0;28314.12;28421.71;2457.8;10;15/01/2026;METLIFE\MULHER\METLIFE - MULHER - 24 ANOS.pdf
METLIFE;METLIFE_VIDA_TOTAL_10;Vida Total;F;25;1000000.0;29061.18;29171.61;2522.69;10;15/01/2026;METLIFE\MULHER\METLIFE - MULHER - 25 ANOS.pdf
METLIFE;METLIFE_VIDA_TOTAL_10;Vida Total;F;26;1000000.0;29833.33;29946.7;2589.48;10;15/01/2026;METLIFE\MULHER\METLIFE - MULHER - 26 ANOS.pdf
METLIFE;METLIFE_VIDA_TOTAL_10;Vida Total;F;27;1000000.0;30623.73;30740.1;2658.14;10;15/01/2026;METLIFE\MULHER\METLIFE - MULHER - 27 ANOS.pdf
METLIFE;METLIFE_VIDA_TOTAL_10;Vida Total;F;28;1000000.0;31437.77;31557.23;2728.87;10;15/01/2026;METLIFE\MULHER\METLIFE - MULHER - 28 ANOS.pdf
METLIFE;METLIFE_VIDA_TOTAL_10;Vida Total;F;29;1000000.0;32275.3;32397.95;2801.65;10;15/01/2026;METLIFE\MULHER\METLIFE - MULHER - 29 ANOS.pdf
METLIFE;METLIFE_VIDA_TOTAL_10;Vida Total;F;30;1000000.0;33395.91;33522.81;2898.98;10;15/01/2026;METLIFE\MULHER\METLIFE - MULHER - 30 ANOS.pdf
METLIFE;METLIFE_VIDA_TOTAL_10;Vida Total;F;31;1000000.0;34293.31;34423.62;2976.67;10;15/01/2026;METLIFE\MULHER\METLIFE - MULHER - 31 ANOS.pdf
METLIFE;METLIFE_VIDA_TOTAL_10;Vida Total;F;32;1000000.0;35213.17;35346.98;3056.65;10;15/01/2026;METLIFE\MULHER\METLIFE - MULHER - 32 ANOS.pdf
METLIFE;METLIFE_VIDA_TOTAL_10;Vida Total;F;33;1000000.0;36160.63;36298.04;3139.06;10;15/01/2026;METLIFE\MULHER\METLIFE - MULHER - 33 ANOS.pdf
METLIFE;METLIFE_VIDA_TOTAL_10;Vida Total;F;34;1000000.0;36738.47;36878.08;3188.85;10;15/01/2026;METLIFE\MULHER\METLIFE - MULHER - 34 ANOS.pdf
METLIFE;METLIFE_VIDA_TOTAL_10;Vida Total;F;35;1000000.0;36928.62;37068.95;3205.5;10;15/01/2026;METLIFE\MULHER\METLIFE - MULHER - 35 ANOS.pdf
METLIFE;METLIFE_VIDA_TOTAL_10;Vida Total;F;36;1000000.0;37530.8;37673.42;3257.8;10;15/01/2026;METLIFE\MULHER\METLIFE - MULHER - 36 ANOS.pdf
METLIFE;METLIFE_VIDA_TOTAL_10;Vida Total;F;37;1000000.0;38549.15;38695.64;3346.1;10;15/01/2026;METLIFE\MULHER\METLIFE - MULHER - 37 ANOS.pdf
METLIFE;METLIFE_VIDA_TOTAL_10;Vida Total;F;38;1000000.0;39592.14;39742.59;3436.55;10;15/01/2026;METLIFE\MULHER\METLIFE - MULHER - 38 ANOS.pdf
METLIFE;METLIFE_VIDA_TOTAL_10;Vida Total;F;39;1000000.0;40660.12;40814.63;3529.18;10;15/01/2026;METLIFE\MULHER\METLIFE - MULHER - 39 ANOS.pdf
METLIFE;METLIFE_VIDA_TOTAL_10;Vida Total;F;40;1000000.0;41568.68;41726.64;3608.35;10;15/01/2026;METLIFE\MULHER\METLIFE - MULHER - 40 ANOS.pdf
METLIFE;METLIFE_VIDA_TOTAL_10;Vida Total;F;41;1000000.0;42680.46;42842.65;3704.83;10;15/01/2026;METLIFE\MULHER\METLIFE - MULHER - 41 ANOS.pdf
METLIFE;METLIFE_VIDA_TOTAL_10;Vida Total;F;42;1000000.0;43816.02;43982.52;3803.39;10;15/01/2026;METLIFE\MULHER\METLIFE - MULHER - 42 ANOS.pdf
METLIFE;METLIFE_VIDA_TOTAL_10;Vida Total;F;43;1000000.0;44977.21;45148.12;3904.22;10;15/01/2026;METLIFE\MULHER\METLIFE - MULHER - 43 ANOS.pdf
METLIFE;METLIFE_VIDA_TOTAL_10;Vida Total;F;44;1000000.0;46166.25;46341.68;4007.5;10;15/01/2026;METLIFE\MULHER\METLIFE - MULHER - 44 ANOS.pdf
METLIFE;METLIFE_VIDA_TOTAL_10;Vida Total;F;45;1000000.0;47385.68;47565.75;4113.47;10;15/01/2026;METLIFE\MULHER\METLIFE - MULHER - 45 ANOS.pdf
METLIFE;METLIFE_VIDA_TOTAL_10;Vida Total;F;46;1000000.0;48640.95;48825.79;4222.16;10;15/01/2026;METLIFE\MULHER\METLIFE - MULHER - 46 ANOS.pdf
METLIFE;METLIFE_VIDA_TOTAL_10;Vida Total;F;47;1000000.0;49923.67;50113.38;4333.73;10;15/01/2026;METLIFE\MULHER\METLIFE - MULHER - 47 ANOS.pdf
METLIFE;METLIFE_VIDA_TOTAL_10;Vida Total;F;48;1000000.0;51244.88;51439.61;4448.22;10;15/01/2026;METLIFE\MULHER\METLIFE - MULHER - 48 ANOS.pdf
METLIFE;METLIFE_VIDA_TOTAL_10;Vida Total;F;49;1000000.0;52601.34;52801.23;4565.82;10;15/01/2026;METLIFE\MULHER\METLIFE - MULHER - 49 ANOS.pdf
METLIFE;METLIFE_VIDA_TOTAL_10;Vida Total;F;50;1000000.0;53206.62;53408.81;4618.55;10;15/01/2026;METLIFE\MULHER\METLIFE - MULHER - 50 ANOS.pdf
METLIFE;METLIFE_VIDA_TOTAL_10;Vida Total;F;51;1000000.0;54611.54;54819.06;4740.48;10;15/01/2026;METLIFE\MULHER\METLIFE - MULHER - 51 ANOS.pdf
METLIFE;METLIFE_VIDA_TOTAL_10;Vida Total;F;52;1000000.0;56050.69;56263.68;4865.46;10;15/01/2026;METLIFE\MULHER\METLIFE - MULHER - 52 ANOS.pdf
METLIFE;METLIFE_VIDA_TOTAL_10;Vida Total;F;53;1000000.0;57522.41;57741.0;4993.38;10;15/01/2026;METLIFE\MULHER\METLIFE - MULHER - 53 ANOS.pdf
METLIFE;METLIFE_VIDA_TOTAL_10;Vida Total;F;54;1000000.0;59033.16;59257.49;5124.32;10;15/01/2026;METLIFE\MULHER\METLIFE - MULHER - 54 ANOS.pdf
METLIFE;METLIFE_VIDA_TOTAL_10;Vida Total;F;55;1000000.0;60582.29;60812.5;5258.76;10;15/01/2026;METLIFE\MULHER\METLIFE - MULHER - 55 ANOS.pdf
METLIFE;METLIFE_VIDA_TOTAL_10;Vida Total;F;56;1000000.0;62173.77;62410.03;5397.08;10;15/01/2026;METLIFE\MULHER\METLIFE - MULHER - 56 ANOS.pdf
METLIFE;METLIFE_VIDA_TOTAL_10;Vida Total;F;57;1000000.0;63822.94;64065.47;5540.07;10;15/01/2026;METLIFE\MULHER\METLIFE - MULHER - 57 ANOS.pdf
METLIFE;METLIFE_VIDA_TOTAL_10;Vida Total;F;58;1000000.0;65534.7;65783.73;5688.74;10;15/01/2026;METLIFE\MULHER\METLIFE - MULHER - 58 ANOS.pdf
METLIFE;METLIFE_VIDA_TOTAL_10;Vida Total;F;59;1000000.0;67320.43;67576.25;5844.11;10;15/01/2026;METLIFE\MULHER\METLIFE - MULHER - 59 ANOS.pdf
METLIFE;METLIFE_VIDA_TOTAL_10;Vida Total;F;60;1000000.0;68527.74;68788.15;5948.39;10;15/01/2026;METLIFE\MULHER\METLIFE - MULHER - 60 ANOS.pdf
METLIFE;METLIFE_VIDA_TOTAL_10;Vida Total;F;61;1000000.0;70470.86;70738.65;6116.9;10;15/01/2026;METLIFE\MULHER\METLIFE - MULHER - 61 ANOS.pdf
METLIFE;METLIFE_VIDA_TOTAL_10;Vida Total;F;63;1000000.0;74604.0;74887.5;6476.14;10;15/01/2026;METLIFE\MULHER\METLIFE - MULHER - 63 ANOS.pdf
METLIFE;METLIFE_VIDA_TOTAL_10;Vida Total;F;64;1000000.0;76800.98;77092.82;6666.3;10;15/01/2026;METLIFE\MULHER\METLIFE - MULHER - 64 ANOS.pdf
METLIFE;METLIFE_VIDA_TOTAL_10;Vida Total;F;65;1000000.0;79077.52;79378.01;6864.09;10;15/01/2026;METLIFE\MULHER\METLIFE - MULHER - 65 ANOS.pdf
METLIFE;METLIFE_VIDA_TOTAL_10;Vida Total;F;66;1000000.0;85265.62;85589.63;7299.07;10;15/01/2026;METLIFE\MULHER\METLIFE - MULHER - 66 ANOS.pdf
METLIFE;METLIFE_VIDA_TOTAL_10;Vida Total;F;67;1000000.0;87749.17;88082.62;7511.26;10;15/01/2026;METLIFE\MULHER\METLIFE - MULHER - 67 ANOS.pdf
METLIFE;METLIFE_VIDA_TOTAL_10;Vida Total;F;68;1000000.0;90387.17;90730.64;7737.31;10;15/01/2026;METLIFE\MULHER\METLIFE - MULHER - 68 ANOS.pdf
METLIFE;METLIFE_VIDA_TOTAL_10;Vida Total;F;69;1000000.0;93234.49;93588.78;7981.28;10;15/01/2026;METLIFE\MULHER\METLIFE - MULHER - 69 ANOS.pdf
METLIFE;METLIFE_VIDA_TOTAL_10;Vida Total;F;70;1000000.0;92252.08;92602.64;8008.0;10;15/01/2026;METLIFE\MULHER\METLIFE - MULHER - 70 ANOS.pdf
METLIFE;METLIFE_VIDA_TOTAL_10;Vida Total;F;71;1000000.0;91924.28;92273.59;7951.41;10;12/03/2026;METLIFE\MULHER\METLIFE - MULHER - 71 ANOS.pdf
METLIFE;METLIFE_VIDA_TOTAL_10;Vida Total;F;72;1000000.0;95307.1;95669.27;8223.42;10;12/03/2026;METLIFE\MULHER\METLIFE - MULHER - 72 ANOS.pdf
METLIFE;METLIFE_VIDA_TOTAL_10;Vida Total;F;73;1000000.0;98954.75;99330.78;8559.52;10;12/03/2026;METLIFE\MULHER\METLIFE - MULHER - 73 ANOS.pdf
METLIFE;METLIFE_VIDA_TOTAL_10;Vida Total;F;74;1000000.0;102875.84;103266.77;8923.48;10;12/03/2026;METLIFE\MULHER\METLIFE - MULHER - 74 ANOS.pdf
METLIFE;METLIFE_VIDA_TOTAL_10;Vida Total;F;75;1000000.0;107092.61;107499.56;9317.86;10;12/03/2026;METLIFE\MULHER\METLIFE - MULHER - 75 ANOS.pdf
METLIFE;METLIFE_VIDA_TOTAL_10;Vida Total;M;18;1000000.0;27768.28;27873.8;2410.27;10;16/01/2026;METLIFE\HOMEM_\METLIFE - HOMEM - 18 ANOS.pdf
METLIFE;METLIFE_VIDA_TOTAL_10;Vida Total;M;19;1000000.0;28432.67;28540.71;2467.92;10;16/01/2026;METLIFE\HOMEM_\METLIFE - HOMEM - 19 ANOS.pdf
METLIFE;METLIFE_VIDA_TOTAL_10;Vida Total;M;20;1000000.0;29112.32;29222.95;2526.89;10;16/01/2026;METLIFE\HOMEM_\METLIFE - HOMEM - 20 ANOS.pdf
METLIFE;METLIFE_VIDA_TOTAL_10;Vida Total;M;21;1000000.0;29808.11;29921.38;2587.55;10;16/01/2026;METLIFE\HOMEM_\METLIFE - HOMEM - 21 ANOS.pdf
METLIFE;METLIFE_VIDA_TOTAL_10;Vida Total;M;22;1000000.0;30531.21;30647.23;2650.29;10;16/01/2026;METLIFE\HOMEM_\METLIFE - HOMEM - 22 ANOS.pdf
METLIFE;METLIFE_VIDA_TOTAL_10;Vida Total;M;23;1000000.0;31280.47;31399.34;2715.32;10;16/01/2026;METLIFE\HOMEM_\METLIFE - HOMEM - 23 ANOS.pdf
METLIFE;METLIFE_VIDA_TOTAL_10;Vida Total;M;24;1000000.0;32058.23;32180.05;2782.82;10;16/01/2026;METLIFE\HOMEM_\METLIFE - HOMEM - 24 ANOS.pdf
METLIFE;METLIFE_VIDA_TOTAL_10;Vida Total;M;25;1000000.0;32865.66;32990.55;2852.92;10;16/01/2026;METLIFE\HOMEM_\METLIFE - HOMEM - 25 ANOS.pdf
METLIFE;METLIFE_VIDA_TOTAL_10;Vida Total;M;26;1000000.0;33705.35;33833.43;2925.84;10;16/01/2026;METLIFE\HOMEM_\METLIFE - HOMEM - 26 ANOS.pdf
METLIFE;METLIFE_VIDA_TOTAL_10;Vida Total;M;27;1000000.0;34576.15;34707.54;3001.47;10;16/01/2026;METLIFE\HOMEM_\METLIFE - HOMEM - 27 ANOS.pdf
METLIFE;METLIFE_VIDA_TOTAL_10;Vida Total;M;28;1000000.0;35482.18;35617.01;3079.84;10;16/01/2026;METLIFE\HOMEM_\METLIFE - HOMEM - 28 ANOS.pdf
METLIFE;METLIFE_VIDA_TOTAL_10;Vida Total;M;29;1000000.0;36415.76;36554.14;3160.96;10;16/01/2026;METLIFE\HOMEM_\METLIFE - HOMEM - 29 ANOS.pdf
METLIFE;METLIFE_VIDA_TOTAL_10;Vida Total;M;30;1000000.0;37154.78;37295.97;3225.06;10;16/01/2026;METLIFE\HOMEM_\METLIFE - HOMEM - 30 ANOS.pdf
METLIFE;METLIFE_VIDA_TOTAL_10;Vida Total;M;31;1000000.0;38146.12;38291.08;3311.25;10;16/01/2026;METLIFE\HOMEM_\METLIFE - HOMEM - 31 ANOS.pdf
METLIFE;METLIFE_VIDA_TOTAL_10;Vida Total;M;32;1000000.0;39168.49;39317.33;3400.15;10;16/01/2026;METLIFE\HOMEM_\METLIFE - HOMEM - 32 ANOS.pdf
METLIFE;METLIFE_VIDA_TOTAL_10;Vida Total;M;33;1000000.0;40226.85;40379.71;3491.83;10;16/01/2026;METLIFE\HOMEM_\METLIFE - HOMEM - 33 ANOS.pdf
METLIFE;METLIFE_VIDA_TOTAL_10;Vida Total;M;34;1000000.0;41311.51;41468.49;3586.2;10;16/01/2026;METLIFE\HOMEM_\METLIFE - HOMEM - 34 ANOS.pdf
METLIFE;METLIFE_VIDA_TOTAL_10;Vida Total;M;35;1000000.0;41966.31;42125.78;3643.06;10;16/01/2026;METLIFE\HOMEM_\METLIFE - HOMEM - 35 ANOS.pdf
METLIFE;METLIFE_VIDA_TOTAL_10;Vida Total;M;36;1000000.0;42175.55;42335.82;3661.04;10;16/01/2026;METLIFE\HOMEM_\METLIFE - HOMEM - 36 ANOS.pdf
METLIFE;METLIFE_VIDA_TOTAL_10;Vida Total;M;37;1000000.0;42862.39;43025.27;3720.76;10;16/01/2026;METLIFE\HOMEM_\METLIFE - HOMEM - 37 ANOS.pdf
METLIFE;METLIFE_VIDA_TOTAL_10;Vida Total;M;38;1000000.0;44027.57;44194.87;3821.85;10;16/01/2026;METLIFE\HOMEM_\METLIFE - HOMEM - 38 ANOS.pdf
METLIFE;METLIFE_VIDA_TOTAL_10;Vida Total;M;39;1000000.0;45223.73;45395.58;3925.66;10;16/01/2026;METLIFE\HOMEM_\METLIFE - HOMEM - 39 ANOS.pdf
METLIFE;METLIFE_VIDA_TOTAL_10;Vida Total;M;40;1000000.0;46536.97;46713.81;4039.42;10;16/01/2026;METLIFE\HOMEM_\METLIFE - HOMEM - 40 ANOS.pdf
METLIFE;METLIFE_VIDA_TOTAL_10;Vida Total;M;41;1000000.0;47798.49;47980.12;4148.98;10;16/01/2026;METLIFE\HOMEM_\METLIFE - HOMEM - 41 ANOS.pdf
METLIFE;METLIFE_VIDA_TOTAL_10;Vida Total;M;42;1000000.0;49092.45;49279.0;4261.42;10;16/01/2026;METLIFE\HOMEM_\METLIFE - HOMEM - 42 ANOS.pdf
METLIFE;METLIFE_VIDA_TOTAL_10;Vida Total;M;43;1000000.0;50420.72;50612.32;4376.91;10;16/01/2026;METLIFE\HOMEM_\METLIFE - HOMEM - 43 ANOS.pdf
METLIFE;METLIFE_VIDA_TOTAL_10;Vida Total;M;44;1000000.0;51789.95;51986.75;4495.55;10;16/01/2026;METLIFE\HOMEM_\METLIFE - HOMEM - 44 ANOS.pdf
METLIFE;METLIFE_VIDA_TOTAL_10;Vida Total;M;45;1000000.0;53196.42;53398.57;4617.52;10;16/01/2026;METLIFE\HOMEM_\METLIFE - HOMEM - 45 ANOS.pdf
METLIFE;METLIFE_VIDA_TOTAL_10;Vida Total;M;46;1000000.0;54640.91;54848.55;4742.88;10;16/01/2026;METLIFE\HOMEM_\METLIFE - HOMEM - 46 ANOS.pdf
METLIFE;METLIFE_VIDA_TOTAL_10;Vida Total;M;47;1000000.0;56125.97;56339.25;4871.88;10;16/01/2026;METLIFE\HOMEM_\METLIFE - HOMEM - 47 ANOS.pdf
METLIFE;METLIFE_VIDA_TOTAL_10;Vida Total;M;48;1000000.0;57654.77;57873.86;5004.81;10;16/01/2026;METLIFE\HOMEM_\METLIFE - HOMEM - 48 ANOS.pdf
METLIFE;METLIFE_VIDA_TOTAL_10;Vida Total;M;49;1000000.0;58610.69;58833.41;5087.98;10;16/01/2026;METLIFE\HOMEM_\METLIFE - HOMEM - 49 ANOS.pdf
METLIFE;METLIFE_VIDA_TOTAL_10;Vida Total;M;50;1000000.0;59695.84;59922.68;5182.24;10;16/01/2026;METLIFE\HOMEM_\METLIFE - HOMEM - 50 ANOS.pdf
METLIFE;METLIFE_VIDA_TOTAL_10;Vida Total;M;51;1000000.0;61352.27;61585.41;5325.7;10;16/01/2026;METLIFE\HOMEM_\METLIFE - HOMEM - 51 ANOS.pdf
METLIFE;METLIFE_VIDA_TOTAL_10;Vida Total;M;52;1000000.0;63060.83;63300.46;5473.89;10;16/01/2026;METLIFE\HOMEM_\METLIFE - HOMEM - 52 ANOS.pdf
METLIFE;METLIFE_VIDA_TOTAL_10;Vida Total;M;53;1000000.0;64822.42;65068.75;5626.93;10;16/01/2026;METLIFE\HOMEM_\METLIFE - HOMEM - 53 ANOS.pdf
METLIFE;METLIFE_VIDA_TOTAL_10;Vida Total;M;54;1000000.0;66645.02;66898.27;5784.96;10;16/01/2026;METLIFE\HOMEM_\METLIFE - HOMEM - 54 ANOS.pdf
METLIFE;METLIFE_VIDA_TOTAL_10;Vida Total;M;55;1000000.0;68525.42;68785.82;5948.33;10;16/01/2026;METLIFE\HOMEM_\METLIFE - HOMEM - 55 ANOS.pdf
METLIFE;METLIFE_VIDA_TOTAL_10;Vida Total;M;56;1000000.0;70474.84;70742.64;6117.42;10;16/01/2026;METLIFE\HOMEM_\METLIFE - HOMEM - 56 ANOS.pdf
METLIFE;METLIFE_VIDA_TOTAL_10;Vida Total;M;57;1000000.0;72492.76;72768.23;6292.87;10;16/01/2026;METLIFE\HOMEM_\METLIFE - HOMEM - 57 ANOS.pdf
METLIFE;METLIFE_VIDA_TOTAL_10;Vida Total;M;58;1000000.0;74598.13;74881.6;6475.7;10;16/01/2026;METLIFE\HOMEM_\METLIFE - HOMEM - 58 ANOS.pdf
METLIFE;METLIFE_VIDA_TOTAL_10;Vida Total;M;59;1000000.0;76798.38;77090.21;6666.58;10;16/01/2026;METLIFE\HOMEM_\METLIFE - HOMEM - 59 ANOS.pdf
METLIFE;METLIFE_VIDA_TOTAL_10;Vida Total;M;60;1000000.0;77427.98;77722.21;6720.59;10;16/01/2026;METLIFE\HOMEM_\METLIFE - HOMEM - 60 ANOS.pdf
METLIFE;METLIFE_VIDA_TOTAL_10;Vida Total;M;61;1000000.0;79778.93;80082.09;6925.17;10;16/01/2026;METLIFE\HOMEM_\METLIFE - HOMEM - 61 ANOS.pdf
METLIFE;METLIFE_VIDA_TOTAL_10;Vida Total;M;62;1000000.0;82255.29;82567.86;7139.97;10;16/01/2026;METLIFE\HOMEM_\METLIFE - HOMEM - 62 ANOS.pdf
METLIFE;METLIFE_VIDA_TOTAL_10;Vida Total;M;63;1000000.0;84853.71;85176.15;7365.5;10;16/01/2026;METLIFE\HOMEM_\METLIFE - HOMEM - 63 ANOS.pdf
METLIFE;METLIFE_VIDA_TOTAL_10;Vida Total;M;64;1000000.0;87582.96;87915.78;7602.63;10;16/01/2026;METLIFE\HOMEM_\METLIFE - HOMEM - 64 ANOS.pdf
METLIFE;METLIFE_VIDA_TOTAL_10;Vida Total;M;65;1000000.0;90467.25;90811.03;7852.75;10;16/01/2026;METLIFE\HOMEM_\METLIFE - HOMEM - 65 ANOS.pdf
METLIFE;METLIFE_VIDA_TOTAL_10;Vida Total;M;66;1000000.0;99610.41;99988.93;8526.21;10;16/01/2026;METLIFE\HOMEM_\METLIFE - HOMEM - 66 ANOS.pdf
METLIFE;METLIFE_VIDA_TOTAL_10;Vida Total;M;67;1000000.0;102778.36;103168.92;8797.72;10;16/01/2026;METLIFE\HOMEM_\METLIFE - HOMEM - 67 ANOS.pdf
METLIFE;METLIFE_VIDA_TOTAL_10;Vida Total;M;68;1000000.0;106157.12;106560.52;9086.37;10;16/01/2026;METLIFE\HOMEM_\METLIFE - HOMEM - 68 ANOS.pdf
METLIFE;METLIFE_VIDA_TOTAL_10;Vida Total;M;69;1000000.0;110201.06;110619.82;9397.29;10;16/01/2026;METLIFE\HOMEM_\METLIFE - HOMEM - 69 ANOS.pdf
METLIFE;METLIFE_VIDA_TOTAL_10;Vida Total;M;70;1000000.0;108879.47;109293.21;9451.33;10;16/01/2026;METLIFE\HOMEM_\METLIFE - HOMEM - 70 ANOS.pdf
METLIFE;METLIFE_VIDA_TOTAL_10;Vida Total;M;71;1000000.0;105959.07;106361.71;9212.74;10;12/03/2026;METLIFE\HOMEM_\METLIFE - HOMEM - 71 ANOS.pdf
METLIFE;METLIFE_VIDA_TOTAL_10;Vida Total;M;72;1000000.0;110114.57;110533.01;9601.71;10;12/03/2026;METLIFE\HOMEM_\METLIFE - HOMEM - 72 ANOS.pdf
METLIFE;METLIFE_VIDA_TOTAL_10;Vida Total;M;73;1000000.0;114548.26;114983.54;10019.62;10;12/03/2026;METLIFE\HOMEM_\METLIFE - HOMEM - 73 ANOS.pdf
METLIFE;METLIFE_VIDA_TOTAL_10;Vida Total;M;74;1000000.0;119261.57;119714.76;10467.23;10;12/03/2026;METLIFE\HOMEM_\METLIFE - HOMEM - 74 ANOS.pdf
METLIFE;METLIFE_VIDA_TOTAL_10;Vida Total;M;75;1000000.0;124272.79;124745.03;10946.84;10;12/03/2026;METLIFE\HOMEM_\METLIFE - HOMEM - 75 ANOS.pdf
METLIFE;METLIFE_VIDA_TOTAL_LEGADO_10;Vida Total Legado;F;18;1000000.0;18513.82;18584.17;1607.31;10;15/06/2026;METLIFE\SUCESSÃO MULHER\METLIFE - MULHER - 18 ANOS.pdf
METLIFE;METLIFE_VIDA_TOTAL_LEGADO_10;Vida Total Legado;F;19;1000000.0;18940.76;19012.73;1644.14;10;15/06/2026;METLIFE\SUCESSÃO MULHER\METLIFE - MULHER - 19 ANOS.pdf
METLIFE;METLIFE_VIDA_TOTAL_LEGADO_10;Vida Total Legado;F;20;1000000.0;19373.03;19446.65;1681.62;10;15/06/2026;METLIFE\SUCESSÃO MULHER\METLIFE - MULHER - 20 ANOS.pdf
METLIFE;METLIFE_VIDA_TOTAL_LEGADO_10;Vida Total Legado;F;21;1000000.0;19828.65;19904.0;1721.16;10;15/06/2026;METLIFE\SUCESSÃO MULHER\METLIFE - MULHER - 21 ANOS.pdf
METLIFE;METLIFE_VIDA_TOTAL_LEGADO_10;Vida Total Legado;F;22;1000000.0;20303.79;20380.94;1762.65;10;15/06/2026;METLIFE\SUCESSÃO MULHER\METLIFE - MULHER - 22 ANOS.pdf
METLIFE;METLIFE_VIDA_TOTAL_LEGADO_10;Vida Total Legado;F;23;1000000.0;20796.82;20875.85;1805.24;10;15/06/2026;METLIFE\SUCESSÃO MULHER\METLIFE - MULHER - 23 ANOS.pdf
METLIFE;METLIFE_VIDA_TOTAL_LEGADO_10;Vida Total Legado;F;24;1000000.0;21303.15;21384.1;1848.98;10;15/06/2026;METLIFE\SUCESSÃO MULHER\METLIFE - MULHER - 24 ANOS.pdf
METLIFE;METLIFE_VIDA_TOTAL_LEGADO_10;Vida Total Legado;F;25;1000000.0;21817.73;21900.64;1893.66;10;15/06/2026;METLIFE\SUCESSÃO MULHER\METLIFE - MULHER - 25 ANOS.pdf
METLIFE;METLIFE_VIDA_TOTAL_LEGADO_10;Vida Total Legado;F;26;1000000.0;22337.8;22422.68;1939.04;10;15/06/2026;METLIFE\SUCESSÃO MULHER\METLIFE - MULHER - 26 ANOS.pdf
METLIFE;METLIFE_VIDA_TOTAL_LEGADO_10;Vida Total Legado;F;27;1000000.0;22863.16;22950.04;1984.63;10;15/06/2026;METLIFE\SUCESSÃO MULHER\METLIFE - MULHER - 27 ANOS.pdf
METLIFE;METLIFE_VIDA_TOTAL_LEGADO_10;Vida Total Legado;F;28;1000000.0;23390.68;23479.56;2030.63;10;15/06/2026;METLIFE\SUCESSÃO MULHER\METLIFE - MULHER - 28 ANOS.pdf
METLIFE;METLIFE_VIDA_TOTAL_LEGADO_10;Vida Total Legado;F;29;1000000.0;23922.89;24013.8;2076.5;10;15/06/2026;METLIFE\SUCESSÃO MULHER\METLIFE - MULHER - 29 ANOS.pdf
METLIFE;METLIFE_VIDA_TOTAL_LEGADO_10;Vida Total Legado;F;30;1000000.0;24453.58;24546.5;2122.47;10;15/06/2026;METLIFE\SUCESSÃO MULHER\METLIFE - MULHER - 30 ANOS.pdf
METLIFE;METLIFE_VIDA_TOTAL_LEGADO_10;Vida Total Legado;F;31;1000000.0;25127.49;25222.97;2181.45;10;15/06/2026;METLIFE\SUCESSÃO MULHER\METLIFE - MULHER - 31 ANOS.pdf
METLIFE;METLIFE_VIDA_TOTAL_LEGADO_10;Vida Total Legado;F;32;1000000.0;25804.37;25902.43;2240.12;10;15/06/2026;METLIFE\SUCESSÃO MULHER\METLIFE - MULHER - 32 ANOS.pdf
METLIFE;METLIFE_VIDA_TOTAL_LEGADO_10;Vida Total Legado;F;33;1000000.0;26480.18;26580.8;2298.65;10;15/06/2026;METLIFE\SUCESSÃO MULHER\METLIFE - MULHER - 33 ANOS.pdf
METLIFE;METLIFE_VIDA_TOTAL_LEGADO_10;Vida Total Legado;F;34;1000000.0;27157.15;27260.35;2357.53;10;15/06/2026;METLIFE\SUCESSÃO MULHER\METLIFE - MULHER - 34 ANOS.pdf
METLIFE;METLIFE_VIDA_TOTAL_LEGADO_10;Vida Total Legado;F;35;1000000.0;27831.14;27936.9;2416.11;10;15/06/2026;METLIFE\SUCESSÃO MULHER\METLIFE - MULHER - 35 ANOS.pdf
METLIFE;METLIFE_VIDA_TOTAL_LEGADO_10;Vida Total Legado;F;36;1000000.0;28507.97;28616.3;2474.92;10;15/06/2026;METLIFE\SUCESSÃO MULHER\METLIFE - MULHER - 36 ANOS.pdf
METLIFE;METLIFE_VIDA_TOTAL_LEGADO_10;Vida Total Legado;F;37;1000000.0;29187.07;29297.98;2533.59;10;15/06/2026;METLIFE\SUCESSÃO MULHER\METLIFE - MULHER - 37 ANOS.pdf
METLIFE;METLIFE_VIDA_TOTAL_LEGADO_10;Vida Total Legado;F;38;1000000.0;29860.86;29974.33;2592.37;10;15/06/2026;METLIFE\SUCESSÃO MULHER\METLIFE - MULHER - 38 ANOS.pdf
METLIFE;METLIFE_VIDA_TOTAL_LEGADO_10;Vida Total Legado;F;39;1000000.0;30535.62;30651.66;2650.89;10;15/06/2026;METLIFE\SUCESSÃO MULHER\METLIFE - MULHER - 39 ANOS.pdf
METLIFE;METLIFE_VIDA_TOTAL_LEGADO_10;Vida Total Legado;F;40;1000000.0;31214.48;31333.1;2709.76;10;15/06/2026;METLIFE\SUCESSÃO MULHER\METLIFE - MULHER - 40 ANOS.pdf
METLIFE;METLIFE_VIDA_TOTAL_LEGADO_10;Vida Total Legado;F;41;1000000.0;32075.36;32197.25;2784.16;10;15/06/2026;METLIFE\SUCESSÃO MULHER\METLIFE - MULHER - 41 ANOS.pdf
METLIFE;METLIFE_VIDA_TOTAL_LEGADO_10;Vida Total Legado;F;42;1000000.0;32935.41;33060.56;2858.77;10;15/06/2026;METLIFE\SUCESSÃO MULHER\METLIFE - MULHER - 42 ANOS.pdf
METLIFE;METLIFE_VIDA_TOTAL_LEGADO_10;Vida Total Legado;F;43;1000000.0;33789.4;33917.8;2933.15;10;15/06/2026;METLIFE\SUCESSÃO MULHER\METLIFE - MULHER - 43 ANOS.pdf
METLIFE;METLIFE_VIDA_TOTAL_LEGADO_10;Vida Total Legado;F;44;1000000.0;34647.83;34779.49;3007.89;10;15/06/2026;METLIFE\SUCESSÃO MULHER\METLIFE - MULHER - 44 ANOS.pdf
METLIFE;METLIFE_VIDA_TOTAL_LEGADO_10;Vida Total Legado;F;45;1000000.0;34647.83;34779.49;3007.89;10;15/06/2026;METLIFE\SUCESSÃO MULHER\METLIFE - MULHER - 45 ANOS.pdf
METLIFE;METLIFE_VIDA_TOTAL_LEGADO_10;Vida Total Legado;F;46;1000000.0;34647.83;34779.49;3007.89;10;15/06/2026;METLIFE\SUCESSÃO MULHER\METLIFE - MULHER - 46 ANOS.pdf
METLIFE;METLIFE_VIDA_TOTAL_LEGADO_10;Vida Total Legado;F;47;1000000.0;34647.83;34779.49;3007.89;10;15/06/2026;METLIFE\SUCESSÃO MULHER\METLIFE - MULHER - 47 ANOS.pdf
METLIFE;METLIFE_VIDA_TOTAL_LEGADO_10;Vida Total Legado;F;48;1000000.0;38085.53;38230.26;3306.22;10;15/06/2026;METLIFE\SUCESSÃO MULHER\METLIFE - MULHER - 48 ANOS.pdf
METLIFE;METLIFE_VIDA_TOTAL_LEGADO_10;Vida Total Legado;F;49;1000000.0;38946.18;39094.18;3380.65;10;15/06/2026;METLIFE\SUCESSÃO MULHER\METLIFE - MULHER - 49 ANOS.pdf
METLIFE;METLIFE_VIDA_TOTAL_LEGADO_10;Vida Total Legado;F;50;1000000.0;39806.83;39958.1;3455.05;10;15/06/2026;METLIFE\SUCESSÃO MULHER\METLIFE - MULHER - 50 ANOS.pdf
METLIFE;METLIFE_VIDA_TOTAL_LEGADO_10;Vida Total Legado;F;51;1000000.0;40890.49;41045.87;3549.71;10;15/06/2026;METLIFE\SUCESSÃO MULHER\METLIFE - MULHER - 51 ANOS.pdf
METLIFE;METLIFE_VIDA_TOTAL_LEGADO_10;Vida Total Legado;F;52;1000000.0;41981.84;42141.37;3644.21;10;15/06/2026;METLIFE\SUCESSÃO MULHER\METLIFE - MULHER - 52 ANOS.pdf
METLIFE;METLIFE_VIDA_TOTAL_LEGADO_10;Vida Total Legado;F;53;1000000.0;43070.34;43234.01;3738.85;10;15/06/2026;METLIFE\SUCESSÃO MULHER\METLIFE - MULHER - 53 ANOS.pdf
METLIFE;METLIFE_VIDA_TOTAL_LEGADO_10;Vida Total Legado;F;54;1000000.0;44164.26;44332.08;3833.51;10;15/06/2026;METLIFE\SUCESSÃO MULHER\METLIFE - MULHER - 54 ANOS.pdf
METLIFE;METLIFE_VIDA_TOTAL_LEGADO_10;Vida Total Legado;F;55;1000000.0;45715.56;45889.28;3968.44;10;15/06/2026;METLIFE\SUCESSÃO MULHER\METLIFE - MULHER - 55 ANOS.pdf
METLIFE;METLIFE_VIDA_TOTAL_LEGADO_10;Vida Total Legado;F;56;1000000.0;46816.74;46994.64;4063.68;10;15/06/2026;METLIFE\SUCESSÃO MULHER\METLIFE - MULHER - 56 ANOS.pdf
METLIFE;METLIFE_VIDA_TOTAL_LEGADO_10;Vida Total Legado;F;57;1000000.0;48406.26;48590.2;4201.91;10;15/06/2026;METLIFE\SUCESSÃO MULHER\METLIFE - MULHER - 57 ANOS.pdf
METLIFE;METLIFE_VIDA_TOTAL_LEGADO_10;Vida Total Legado;F;58;1000000.0;49514.57;49702.73;4298.73;10;15/06/2026;METLIFE\SUCESSÃO MULHER\METLIFE - MULHER - 58 ANOS.pdf
METLIFE;METLIFE_VIDA_TOTAL_LEGADO_10;Vida Total Legado;F;59;1000000.0;50628.75;50821.14;4395.1;10;15/06/2026;METLIFE\SUCESSÃO MULHER\METLIFE - MULHER - 59 ANOS.pdf
METLIFE;METLIFE_VIDA_TOTAL_LEGADO_10;Vida Total Legado;F;60;1000000.0;52786.49;52987.08;4581.77;10;15/06/2026;METLIFE\SUCESSÃO MULHER\METLIFE - MULHER - 60 ANOS.pdf
METLIFE;METLIFE_VIDA_TOTAL_LEGADO_10;Vida Total Legado;F;61;1000000.0;54773.81;54981.95;4754.72;10;15/06/2026;METLIFE\SUCESSÃO MULHER\METLIFE - MULHER - 61 ANOS.pdf
METLIFE;METLIFE_VIDA_TOTAL_LEGADO_10;Vida Total Legado;F;62;1000000.0;56233.58;56447.27;4881.82;10;15/06/2026;METLIFE\SUCESSÃO MULHER\METLIFE - MULHER - 62 ANOS.pdf
METLIFE;METLIFE_VIDA_TOTAL_LEGADO_10;Vida Total Legado;F;63;1000000.0;58275.45;58496.9;5058.38;10;15/06/2026;METLIFE\SUCESSÃO MULHER\METLIFE - MULHER - 63 ANOS.pdf
METLIFE;METLIFE_VIDA_TOTAL_LEGADO_10;Vida Total Legado;F;64;1000000.0;59746.25;59973.29;5186.5;10;15/06/2026;METLIFE\SUCESSÃO MULHER\METLIFE - MULHER - 64 ANOS.pdf
METLIFE;METLIFE_VIDA_TOTAL_LEGADO_10;Vida Total Legado;F;65;1000000.0;61223.71;61456.36;5314.67;10;15/06/2026;METLIFE\SUCESSÃO MULHER\METLIFE - MULHER - 65 ANOS.pdf
METLIFE;METLIFE_VIDA_TOTAL_LEGADO_10;Vida Total Legado;F;66;1000000.0;62700.1;62938.36;5442.18;10;15/06/2026;METLIFE\SUCESSÃO MULHER\METLIFE - MULHER - 66 ANOS.pdf
METLIFE;METLIFE_VIDA_TOTAL_LEGADO_10;Vida Total Legado;F;67;1000000.0;64803.8;65050.05;5625.51;10;15/06/2026;METLIFE\SUCESSÃO MULHER\METLIFE - MULHER - 67 ANOS.pdf
METLIFE;METLIFE_VIDA_TOTAL_LEGADO_10;Vida Total Legado;F;68;1000000.0;66616.76;66869.9;5783.08;10;15/06/2026;METLIFE\SUCESSÃO MULHER\METLIFE - MULHER - 68 ANOS.pdf
METLIFE;METLIFE_VIDA_TOTAL_LEGADO_10;Vida Total Legado;F;69;1000000.0;68441.33;68701.41;5941.09;10;15/06/2026;METLIFE\SUCESSÃO MULHER\METLIFE - MULHER - 69 ANOS.pdf
METLIFE;METLIFE_VIDA_TOTAL_LEGADO_10;Vida Total Legado;F;70;1000000.0;70619.3;70887.65;6129.86;10;15/06/2026;METLIFE\SUCESSÃO MULHER\METLIFE - MULHER - 70 ANOS.pdf
METLIFE;METLIFE_VIDA_TOTAL_LEGADO_10;Vida Total Legado;M;18;1000000.0;19001.3;19073.5;1649.47;10;14/06/2026;METLIFE\SUCESSÃO HOMEM_\METLIFE - HOMEM - 18 ANOS.pdf
METLIFE;METLIFE_VIDA_TOTAL_LEGADO_10;Vida Total Legado;M;19;1000000.0;19410.35;19484.11;1684.9;10;14/06/2026;METLIFE\SUCESSÃO HOMEM_\METLIFE - HOMEM - 19 ANOS.pdf
METLIFE;METLIFE_VIDA_TOTAL_LEGADO_10;Vida Total Legado;M;20;1000000.0;19843.31;19918.71;1722.45;10;14/06/2026;METLIFE\SUCESSÃO HOMEM_\METLIFE - HOMEM - 20 ANOS.pdf
METLIFE;METLIFE_VIDA_TOTAL_LEGADO_10;Vida Total Legado;M;21;1000000.0;20297.44;20374.57;1762.07;10;14/06/2026;METLIFE\SUCESSÃO HOMEM_\METLIFE - HOMEM - 21 ANOS.pdf
METLIFE;METLIFE_VIDA_TOTAL_LEGADO_10;Vida Total Legado;M;22;1000000.0;20809.77;20888.85;1806.44;10;14/06/2026;METLIFE\SUCESSÃO HOMEM_\METLIFE - HOMEM - 22 ANOS.pdf
METLIFE;METLIFE_VIDA_TOTAL_LEGADO_10;Vida Total Legado;M;23;1000000.0;21341.51;21422.61;1852.73;10;14/06/2026;METLIFE\SUCESSÃO HOMEM_\METLIFE - HOMEM - 23 ANOS.pdf
METLIFE;METLIFE_VIDA_TOTAL_LEGADO_10;Vida Total Legado;M;24;1000000.0;21879.62;21962.76;1899.33;10;14/06/2026;METLIFE\SUCESSÃO HOMEM_\METLIFE - HOMEM - 24 ANOS.pdf
METLIFE;METLIFE_VIDA_TOTAL_LEGADO_10;Vida Total Legado;M;25;1000000.0;22419.72;22504.91;1946.3;10;14/06/2026;METLIFE\SUCESSÃO HOMEM_\METLIFE - HOMEM - 25 ANOS.pdf
METLIFE;METLIFE_VIDA_TOTAL_LEGADO_10;Vida Total Legado;M;26;1000000.0;22959.42;23046.67;1992.98;10;14/06/2026;METLIFE\SUCESSÃO HOMEM_\METLIFE - HOMEM - 26 ANOS.pdf
METLIFE;METLIFE_VIDA_TOTAL_LEGADO_10;Vida Total Legado;M;27;1000000.0;23511.69;23601.03;2041.2;10;14/06/2026;METLIFE\SUCESSÃO HOMEM_\METLIFE - HOMEM - 27 ANOS.pdf
METLIFE;METLIFE_VIDA_TOTAL_LEGADO_10;Vida Total Legado;M;28;1000000.0;24125.21;24216.89;2094.38;10;14/06/2026;METLIFE\SUCESSÃO HOMEM_\METLIFE - HOMEM - 28 ANOS.pdf
METLIFE;METLIFE_VIDA_TOTAL_LEGADO_10;Vida Total Legado;M;29;1000000.0;24759.88;24853.97;2149.65;10;14/06/2026;METLIFE\SUCESSÃO HOMEM_\METLIFE - HOMEM - 29 ANOS.pdf
METLIFE;METLIFE_VIDA_TOTAL_LEGADO_10;Vida Total Legado;M;30;1000000.0;25262.46;25358.46;2193.11;10;14/06/2026;METLIFE\SUCESSÃO HOMEM_\METLIFE - HOMEM - 30 ANOS.pdf
METLIFE;METLIFE_VIDA_TOTAL_LEGADO_10;Vida Total Legado;M;31;1000000.0;25937.61;26036.17;2251.67;10;14/06/2026;METLIFE\SUCESSÃO HOMEM_\METLIFE - HOMEM - 31 ANOS.pdf
METLIFE;METLIFE_VIDA_TOTAL_LEGADO_10;Vida Total Legado;M;32;1000000.0;26635.72;26736.94;2311.97;10;14/06/2026;METLIFE\SUCESSÃO HOMEM_\METLIFE - HOMEM - 32 ANOS.pdf
METLIFE;METLIFE_VIDA_TOTAL_LEGADO_10;Vida Total Legado;M;33;1000000.0;27354.34;27458.29;2374.59;10;14/06/2026;METLIFE\SUCESSÃO HOMEM_\METLIFE - HOMEM - 33 ANOS.pdf
METLIFE;METLIFE_VIDA_TOTAL_LEGADO_10;Vida Total Legado;M;34;1000000.0;28093.76;28200.52;2438.47;10;14/06/2026;METLIFE\SUCESSÃO HOMEM_\METLIFE - HOMEM - 34 ANOS.pdf
METLIFE;METLIFE_VIDA_TOTAL_LEGADO_10;Vida Total Legado;M;35;1000000.0;28591.21;28699.86;2482.12;10;14/06/2026;METLIFE\SUCESSÃO HOMEM_\METLIFE - HOMEM - 35 ANOS.pdf
METLIFE;METLIFE_VIDA_TOTAL_LEGADO_10;Vida Total Legado;M;36;1000000.0;29286.79;29398.08;2542.03;10;14/06/2026;METLIFE\SUCESSÃO HOMEM_\METLIFE - HOMEM - 36 ANOS.pdf
METLIFE;METLIFE_VIDA_TOTAL_LEGADO_10;Vida Total Legado;M;37;1000000.0;29977.45;30091.36;2602.3;10;14/06/2026;METLIFE\SUCESSÃO HOMEM_\METLIFE - HOMEM - 37 ANOS.pdf
METLIFE;METLIFE_VIDA_TOTAL_LEGADO_10;Vida Total Legado;M;38;1000000.0;30668.56;30785.1;2662.6;10;14/06/2026;METLIFE\SUCESSÃO HOMEM_\METLIFE - HOMEM - 38 ANOS.pdf
METLIFE;METLIFE_VIDA_TOTAL_LEGADO_10;Vida Total Legado;M;39;1000000.0;31366.03;31485.22;2722.56;10;14/06/2026;METLIFE\SUCESSÃO HOMEM_\METLIFE - HOMEM - 39 ANOS.pdf
METLIFE;METLIFE_VIDA_TOTAL_LEGADO_10;Vida Total Legado;M;40;1000000.0;32059.21;32181.03;2782.69;10;14/06/2026;METLIFE\SUCESSÃO HOMEM_\METLIFE - HOMEM - 40 ANOS.pdf
METLIFE;METLIFE_VIDA_TOTAL_LEGADO_10;Vida Total Legado;M;41;1000000.0;32934.28;33059.43;2859.02;10;14/06/2026;METLIFE\SUCESSÃO HOMEM_\METLIFE - HOMEM - 41 ANOS.pdf
METLIFE;METLIFE_VIDA_TOTAL_LEGADO_10;Vida Total Legado;M;42;1000000.0;33814.14;33942.63;2935.44;10;14/06/2026;METLIFE\SUCESSÃO HOMEM_\METLIFE - HOMEM - 42 ANOS.pdf
METLIFE;METLIFE_VIDA_TOTAL_LEGADO_10;Vida Total Legado;M;43;1000000.0;34694.07;34825.91;3011.82;10;14/06/2026;METLIFE\SUCESSÃO HOMEM_\METLIFE - HOMEM - 43 ANOS.pdf
METLIFE;METLIFE_VIDA_TOTAL_LEGADO_10;Vida Total Legado;M;44;1000000.0;35572.8;35707.98;3088.07;10;14/06/2026;METLIFE\SUCESSÃO HOMEM_\METLIFE - HOMEM - 44 ANOS.pdf
METLIFE;METLIFE_VIDA_TOTAL_LEGADO_10;Vida Total Legado;M;45;1000000.0;36452.91;36591.43;3164.42;10;14/06/2026;METLIFE\SUCESSÃO HOMEM_\METLIFE - HOMEM - 45 ANOS.pdf
METLIFE;METLIFE_VIDA_TOTAL_LEGADO_10;Vida Total Legado;M;46;1000000.0;37329.51;37471.36;3240.42;10;14/06/2026;METLIFE\SUCESSÃO HOMEM_\METLIFE - HOMEM - 46 ANOS.pdf
METLIFE;METLIFE_VIDA_TOTAL_LEGADO_10;Vida Total Legado;M;47;1000000.0;38213.35;38358.56;3316.69;10;14/06/2026;METLIFE\SUCESSÃO HOMEM_\METLIFE - HOMEM - 47 ANOS.pdf
METLIFE;METLIFE_VIDA_TOTAL_LEGADO_10;Vida Total Legado;M;48;1000000.0;39205.48;39354.46;3403.3;10;14/06/2026;METLIFE\SUCESSÃO HOMEM_\METLIFE - HOMEM - 48 ANOS.pdf
METLIFE;METLIFE_VIDA_TOTAL_LEGADO_10;Vida Total Legado;M;49;1000000.0;39968.0;40119.88;3469.82;10;14/06/2026;METLIFE\SUCESSÃO HOMEM_\METLIFE - HOMEM - 49 ANOS.pdf
METLIFE;METLIFE_VIDA_TOTAL_LEGADO_10;Vida Total Legado;M;50;1000000.0;41055.44;41211.45;3563.44;10;14/06/2026;METLIFE\SUCESSÃO HOMEM_\METLIFE - HOMEM - 50 ANOS.pdf
METLIFE;METLIFE_VIDA_TOTAL_LEGADO_10;Vida Total Legado;M;51;1000000.0;42286.86;42447.55;3670.58;10;14/06/2026;METLIFE\SUCESSÃO HOMEM_\METLIFE - HOMEM - 51 ANOS.pdf
METLIFE;METLIFE_VIDA_TOTAL_LEGADO_10;Vida Total Legado;M;52;1000000.0;43552.23;43717.73;3780.34;10;14/06/2026;METLIFE\SUCESSÃO HOMEM_\METLIFE - HOMEM - 52 ANOS.pdf
METLIFE;METLIFE_VIDA_TOTAL_LEGADO_10;Vida Total Legado;M;53;1000000.0;44857.04;45027.5;3894.39;10;14/06/2026;METLIFE\SUCESSÃO HOMEM_\METLIFE - HOMEM - 53 ANOS.pdf
METLIFE;METLIFE_VIDA_TOTAL_LEGADO_10;Vida Total Legado;M;54;1000000.0;46207.42;46383.01;4010.81;10;14/06/2026;METLIFE\SUCESSÃO HOMEM_\METLIFE - HOMEM - 54 ANOS.pdf
METLIFE;METLIFE_VIDA_TOTAL_LEGADO_10;Vida Total Legado;M;55;1000000.0;47595.35;47776.21;4130.94;10;14/06/2026;METLIFE\SUCESSÃO HOMEM_\METLIFE - HOMEM - 55 ANOS.pdf
METLIFE;METLIFE_VIDA_TOTAL_LEGADO_10;Vida Total Legado;M;56;1000000.0;48919.6;49105.49;4246.72;10;14/06/2026;METLIFE\SUCESSÃO HOMEM_\METLIFE - HOMEM - 56 ANOS.pdf
METLIFE;METLIFE_VIDA_TOTAL_LEGADO_10;Vida Total Legado;M;57;1000000.0;50047.45;50237.63;4344.6;10;14/06/2026;METLIFE\SUCESSÃO HOMEM_\METLIFE - HOMEM - 57 ANOS.pdf
METLIFE;METLIFE_VIDA_TOTAL_LEGADO_10;Vida Total Legado;M;58;1000000.0;51198.83;51393.39;4444.62;10;14/06/2026;METLIFE\SUCESSÃO HOMEM_\METLIFE - HOMEM - 58 ANOS.pdf
METLIFE;METLIFE_VIDA_TOTAL_LEGADO_10;Vida Total Legado;M;59;1000000.0;52379.81;52578.85;4546.36;10;14/06/2026;METLIFE\SUCESSÃO HOMEM_\METLIFE - HOMEM - 59 ANOS.pdf
METLIFE;METLIFE_VIDA_TOTAL_LEGADO_10;Vida Total Legado;M;60;1000000.0;53525.5;53728.9;4646.46;10;14/06/2026;METLIFE\SUCESSÃO HOMEM_\METLIFE - HOMEM - 60 ANOS.pdf
METLIFE;METLIFE_VIDA_TOTAL_LEGADO_10;Vida Total Legado;M;61;1000000.0;55310.58;55520.76;4801.52;10;14/06/2026;METLIFE\SUCESSÃO HOMEM_\METLIFE - HOMEM - 61 ANOS.pdf
METLIFE;METLIFE_VIDA_TOTAL_LEGADO_10;Vida Total Legado;M;62;1000000.0;56725.12;56940.68;4924.17;10;14/06/2026;METLIFE\SUCESSÃO HOMEM_\METLIFE - HOMEM - 62 ANOS.pdf
METLIFE;METLIFE_VIDA_TOTAL_LEGADO_10;Vida Total Legado;M;63;1000000.0;58439.18;58661.25;5072.44;10;14/06/2026;METLIFE\SUCESSÃO HOMEM_\METLIFE - HOMEM - 63 ANOS.pdf
METLIFE;METLIFE_VIDA_TOTAL_LEGADO_10;Vida Total Legado;M;64;1000000.0;60098.71;60327.09;5215.9;10;14/06/2026;METLIFE\SUCESSÃO HOMEM_\METLIFE - HOMEM - 64 ANOS.pdf
METLIFE;METLIFE_VIDA_TOTAL_LEGADO_10;Vida Total Legado;M;65;1000000.0;62004.93;62240.55;5382.45;10;14/06/2026;METLIFE\SUCESSÃO HOMEM_\METLIFE - HOMEM - 65 ANOS.pdf
METLIFE;METLIFE_VIDA_TOTAL_LEGADO_10;Vida Total Legado;M;66;1000000.0;65396.96;65645.47;5676.17;10;14/06/2026;METLIFE\SUCESSÃO HOMEM_\METLIFE - HOMEM - 66 ANOS.pdf
METLIFE;METLIFE_VIDA_TOTAL_LEGADO_10;Vida Total Legado;M;67;1000000.0;67470.12;67726.51;5857.06;10;14/06/2026;METLIFE\SUCESSÃO HOMEM_\METLIFE - HOMEM - 67 ANOS.pdf
METLIFE;METLIFE_VIDA_TOTAL_LEGADO_10;Vida Total Legado;M;68;1000000.0;69696.93;69961.78;6050.45;10;14/06/2026;METLIFE\SUCESSÃO HOMEM_\METLIFE - HOMEM - 68 ANOS.pdf
METLIFE;METLIFE_VIDA_TOTAL_LEGADO_10;Vida Total Legado;M;69;1000000.0;72351.26;72626.19;6280.46;10;14/06/2026;METLIFE\SUCESSÃO HOMEM_\METLIFE - HOMEM - 69 ANOS.pdf
METLIFE;METLIFE_VIDA_TOTAL_LEGADO_10;Vida Total Legado;M;70;1000000.0;78960.12;79260.17;6853.65;10;14/06/2026;METLIFE\SUCESSÃO HOMEM_\METLIFE- HOMEM - 70 ANOS.pdf
PRUDENTIAL;PRUDENTIAL_VIDA_INTEIRA_10;Vida Inteira;F;14;1000000.0;21681.4;21763.79;1914.47;10;Quinta-Feira, 5 de Março de 2026;PRUDENTIAL\MULHER\14 ANOS - PRUDENTIAL.pdf
PRUDENTIAL;PRUDENTIAL_VIDA_INTEIRA_10;Vida Inteira;F;15;1000000.0;22253.3;22337.86;1964.97;10;Quinta-Feira, 5 de Março de 2026;PRUDENTIAL\MULHER\15 ANOS - PRUDENTIAL.pdf
PRUDENTIAL;PRUDENTIAL_VIDA_INTEIRA_10;Vida Inteira;F;16;1000000.0;22837.5;22924.28;2016.55;10;Quinta-Feira, 5 de Março de 2026;PRUDENTIAL\MULHER\16 ANOS - PRUDENTIAL.pdf
PRUDENTIAL;PRUDENTIAL_VIDA_INTEIRA_10;Vida Inteira;F;17;1000000.0;23434.5;23523.55;2069.27;10;Quinta-Feira, 5 de Março de 2026;PRUDENTIAL\MULHER\17 ANOS - PRUDENTIAL.pdf
PRUDENTIAL;PRUDENTIAL_VIDA_INTEIRA_10;Vida Inteira;F;18;1000000.0;24045.7;24137.07;2123.24;10;Quarta-Feira, 14 de Janeiro de 2026;PRUDENTIAL\MULHER\18 ANOS - PRUD.pdf
PRUDENTIAL;PRUDENTIAL_VIDA_INTEIRA_10;Vida Inteira;F;19;1000000.0;24671.8;24765.55;2178.52;10;Quarta-Feira, 14 de Janeiro de 2026;PRUDENTIAL\MULHER\19 ANOS - PRUD.pdf
PRUDENTIAL;PRUDENTIAL_VIDA_INTEIRA_10;Vida Inteira;F;20;1000000.0;25314.3;25410.49;2235.25;10;Quarta-Feira, 14 de Janeiro de 2026;PRUDENTIAL\MULHER\20 ANOS - PRUD.pdf
PRUDENTIAL;PRUDENTIAL_VIDA_INTEIRA_10;Vida Inteira;F;21;1000000.0;25973.9;26072.6;2293.5;10;Quarta-Feira, 14 de Janeiro de 2026;PRUDENTIAL\MULHER\21 ANOS - PRUD.pdf
PRUDENTIAL;PRUDENTIAL_VIDA_INTEIRA_10;Vida Inteira;F;22;1000000.0;26652.5;26753.78;2353.42;10;Quarta-Feira, 14 de Janeiro de 2026;PRUDENTIAL\MULHER\22 ANOS - PRUD.pdf
PRUDENTIAL;PRUDENTIAL_VIDA_INTEIRA_10;Vida Inteira;F;23;1000000.0;27350.6;27454.53;2415.06;10;Quarta-Feira, 14 de Janeiro de 2026;PRUDENTIAL\MULHER\23 ANOS - PRUD.pdf
PRUDENTIAL;PRUDENTIAL_VIDA_INTEIRA_10;Vida Inteira;F;24;1000000.0;28069.2;28175.86;2478.51;10;Quarta-Feira, 14 de Janeiro de 2026;PRUDENTIAL\MULHER\24 ANOS - PRUD.pdf
PRUDENTIAL;PRUDENTIAL_VIDA_INTEIRA_10;Vida Inteira;F;25;1000000.0;29439.4;29551.27;2599.5;10;Quarta-Feira, 14 de Janeiro de 2026;PRUDENTIAL\MULHER\25 ANOS - PRUD.pdf
PRUDENTIAL;PRUDENTIAL_VIDA_INTEIRA_10;Vida Inteira;F;26;1000000.0;30216.6;30331.42;2668.13;10;Quarta-Feira, 14 de Janeiro de 2026;PRUDENTIAL\MULHER\26 ANOS - PRUD.pdf
PRUDENTIAL;PRUDENTIAL_VIDA_INTEIRA_10;Vida Inteira;F;27;1000000.0;31015.9;31133.76;2738.7;10;Quarta-Feira, 14 de Janeiro de 2026;PRUDENTIAL\MULHER\27 ANOS - PRUD.pdf
PRUDENTIAL;PRUDENTIAL_VIDA_INTEIRA_10;Vida Inteira;F;28;1000000.0;31837.3;31958.28;2811.23;10;Quarta-Feira, 14 de Janeiro de 2026;PRUDENTIAL\MULHER\28 ANOS - PRUD.pdf
PRUDENTIAL;PRUDENTIAL_VIDA_INTEIRA_10;Vida Inteira;F;29;1000000.0;32681.7;32805.89;2885.79;10;Quarta-Feira, 14 de Janeiro de 2026;PRUDENTIAL\MULHER\29 ANOS - PRUD.pdf
PRUDENTIAL;PRUDENTIAL_VIDA_INTEIRA_10;Vida Inteira;F;30;1000000.0;33550.5;33677.99;2962.51;10;Quarta-Feira, 14 de Janeiro de 2026;PRUDENTIAL\MULHER\30 ANOS - PRUD.pdf
PRUDENTIAL;PRUDENTIAL_VIDA_INTEIRA_10;Vida Inteira;F;31;1000000.0;34443.7;34574.59;3041.38;10;Quarta-Feira, 14 de Janeiro de 2026;PRUDENTIAL\MULHER\31 ANOS - PRUD.pdf
PRUDENTIAL;PRUDENTIAL_VIDA_INTEIRA_10;Vida Inteira;F;32;1000000.0;35362.9;35497.28;3122.54;10;Quarta-Feira, 14 de Janeiro de 2026;PRUDENTIAL\MULHER\32 ANOS - PRUD.pdf
PRUDENTIAL;PRUDENTIAL_VIDA_INTEIRA_10;Vida Inteira;F;33;1000000.0;36309.7;36447.68;3206.15;10;Quarta-Feira, 14 de Janeiro de 2026;PRUDENTIAL\MULHER\33 ANOS - PRUD.pdf
PRUDENTIAL;PRUDENTIAL_VIDA_INTEIRA_10;Vida Inteira;F;34;1000000.0;36680.0;36819.38;3238.84;10;Quarta-Feira, 14 de Janeiro de 2026;PRUDENTIAL\MULHER\34 ANOS - PRUD.pdf
PRUDENTIAL;PRUDENTIAL_VIDA_INTEIRA_10;Vida Inteira;F;35;1000000.0;37066.2;37207.05;3272.95;10;Quarta-Feira, 14 de Janeiro de 2026;PRUDENTIAL\MULHER\35 ANOS - PRUD.pdf
PRUDENTIAL;PRUDENTIAL_VIDA_INTEIRA_10;Vida Inteira;F;36;1000000.0;37466.9;37609.27;3308.33;10;Quarta-Feira, 14 de Janeiro de 2026;PRUDENTIAL\MULHER\36 ANOS - PRUD.pdf
PRUDENTIAL;PRUDENTIAL_VIDA_INTEIRA_10;Vida Inteira;F;37;1000000.0;37918.6;38062.69;3348.21;10;Quarta-Feira, 14 de Janeiro de 2026;PRUDENTIAL\MULHER\37 ANOS - PRUD.pdf
PRUDENTIAL;PRUDENTIAL_VIDA_INTEIRA_10;Vida Inteira;F;38;1000000.0;38934.3;39082.25;3437.9;10;Quarta-Feira, 14 de Janeiro de 2026;PRUDENTIAL\MULHER\38 ANOS - PRUD.pdf
PRUDENTIAL;PRUDENTIAL_VIDA_INTEIRA_10;Vida Inteira;F;39;1000000.0;39971.8;40123.69;3529.51;10;Quarta-Feira, 14 de Janeiro de 2026;PRUDENTIAL\MULHER\39 ANOS - PRUD.pdf
PRUDENTIAL;PRUDENTIAL_VIDA_INTEIRA_10;Vida Inteira;F;40;1000000.0;41030.4;41186.32;3622.98;10;Quarta-Feira, 14 de Janeiro de 2026;PRUDENTIAL\MULHER\40 ANOS - PRUD.pdf
PRUDENTIAL;PRUDENTIAL_VIDA_INTEIRA_10;Vida Inteira;F;41;1000000.0;42109.4;42269.42;3718.26;10;Quarta-Feira, 14 de Janeiro de 2026;PRUDENTIAL\MULHER\41 ANOS - PRUD.pdf
PRUDENTIAL;PRUDENTIAL_VIDA_INTEIRA_10;Vida Inteira;F;42;1000000.0;43209.3;43373.5;3815.38;10;Quarta-Feira, 14 de Janeiro de 2026;PRUDENTIAL\MULHER\42 ANOS - PRUD.pdf
PRUDENTIAL;PRUDENTIAL_VIDA_INTEIRA_10;Vida Inteira;F;43;1000000.0;44330.6;44499.06;3914.39;10;Quarta-Feira, 14 de Janeiro de 2026;PRUDENTIAL\MULHER\43 ANOS - PRUD.pdf
PRUDENTIAL;PRUDENTIAL_VIDA_INTEIRA_10;Vida Inteira;F;44;1000000.0;45476.7;45649.51;4015.59;10;Quarta-Feira, 14 de Janeiro de 2026;PRUDENTIAL\MULHER\44 ANOS - PRUD.pdf
PRUDENTIAL;PRUDENTIAL_VIDA_INTEIRA_10;Vida Inteira;F;45;1000000.0;46647.7;46824.96;4118.99;10;Quarta-Feira, 14 de Janeiro de 2026;PRUDENTIAL\MULHER\45 ANOS - PRUD.pdf
PRUDENTIAL;PRUDENTIAL_VIDA_INTEIRA_10;Vida Inteira;F;46;1000000.0;47846.2;48028.02;4224.82;10;Quarta-Feira, 14 de Janeiro de 2026;PRUDENTIAL\MULHER\46 ANOS - PRUD.pdf
PRUDENTIAL;PRUDENTIAL_VIDA_INTEIRA_10;Vida Inteira;F;47;1000000.0;49074.9;49261.38;4333.31;10;Quarta-Feira, 14 de Janeiro de 2026;PRUDENTIAL\MULHER\47 ANOS - PRUD.pdf
PRUDENTIAL;PRUDENTIAL_VIDA_INTEIRA_10;Vida Inteira;F;48;1000000.0;50333.2;50524.47;4444.42;10;Quarta-Feira, 14 de Janeiro de 2026;PRUDENTIAL\MULHER\48 ANOS - PRUD.pdf
PRUDENTIAL;PRUDENTIAL_VIDA_INTEIRA_10;Vida Inteira;F;49;1000000.0;51621.7;51817.86;4558.2;10;Quarta-Feira, 14 de Janeiro de 2026;PRUDENTIAL\MULHER\49 ANOS - PRUD.pdf
PRUDENTIAL;PRUDENTIAL_VIDA_INTEIRA_10;Vida Inteira;F;50;1000000.0;52940.8;53141.98;4674.67;10;Quarta-Feira, 14 de Janeiro de 2026;PRUDENTIAL\MULHER\50 ANOS - PRUD.pdf
PRUDENTIAL;PRUDENTIAL_VIDA_INTEIRA_10;Vida Inteira;F;51;1000000.0;54289.9;54496.2;4793.8;10;Quarta-Feira, 14 de Janeiro de 2026;PRUDENTIAL\MULHER\51 ANOS - PRUD.pdf
PRUDENTIAL;PRUDENTIAL_VIDA_INTEIRA_10;Vida Inteira;F;52;1000000.0;55669.0;55880.54;4915.57;10;Quarta-Feira, 14 de Janeiro de 2026;PRUDENTIAL\MULHER\52 ANOS - PRUD.pdf
PRUDENTIAL;PRUDENTIAL_VIDA_INTEIRA_10;Vida Inteira;F;53;1000000.0;57076.2;57293.09;5039.83;10;Quarta-Feira, 14 de Janeiro de 2026;PRUDENTIAL\MULHER\53 anos - prud.pdf
PRUDENTIAL;PRUDENTIAL_VIDA_INTEIRA_10;Vida Inteira;F;54;1000000.0;58511.6;58733.94;5166.57;10;Quarta-Feira, 14 de Janeiro de 2026;PRUDENTIAL\MULHER\54 ANOS - PRUD.pdf
PRUDENTIAL;PRUDENTIAL_VIDA_INTEIRA_10;Vida Inteira;F;55;1000000.0;59979.9;60207.82;5296.23;10;Quarta-Feira, 14 de Janeiro de 2026;PRUDENTIAL\MULHER\55 ANOS - PRUD.pdf
PRUDENTIAL;PRUDENTIAL_VIDA_INTEIRA_10;Vida Inteira;F;56;1000000.0;61487.2;61720.85;5429.32;10;Quarta-Feira, 14 de Janeiro de 2026;PRUDENTIAL\MULHER\56 ANOS - PRUD.pdf
PRUDENTIAL;PRUDENTIAL_VIDA_INTEIRA_10;Vida Inteira;F;57;1000000.0;63042.9;63282.46;5566.69;10;Quarta-Feira, 14 de Janeiro de 2026;PRUDENTIAL\MULHER\57 ANOS - PRUD.pdf
PRUDENTIAL;PRUDENTIAL_VIDA_INTEIRA_10;Vida Inteira;F;58;1000000.0;64659.3;64905.01;5709.42;10;Quarta-Feira, 14 de Janeiro de 2026;PRUDENTIAL\MULHER\58 ANOS - PRUD.pdf
PRUDENTIAL;PRUDENTIAL_VIDA_INTEIRA_10;Vida Inteira;F;59;1000000.0;66347.2;66599.32;5858.46;10;Quarta-Feira, 14 de Janeiro de 2026;PRUDENTIAL\MULHER\59 ANOS - PRUD.pdf
PRUDENTIAL;PRUDENTIAL_VIDA_INTEIRA_10;Vida Inteira;F;60;1000000.0;68112.7;68371.53;6014.35;10;Quarta-Feira, 14 de Janeiro de 2026;PRUDENTIAL\MULHER\60 ANOS - PRUD.pdf
PRUDENTIAL;PRUDENTIAL_VIDA_INTEIRA_10;Vida Inteira;F;61;1000000.0;69957.6;70223.44;6177.26;10;Quarta-Feira, 14 de Janeiro de 2026;PRUDENTIAL\MULHER\61 ANOS - PRUD.pdf
PRUDENTIAL;PRUDENTIAL_VIDA_INTEIRA_10;Vida Inteira;F;62;1000000.0;71880.3;72153.45;6347.03;10;Quarta-Feira, 14 de Janeiro de 2026;PRUDENTIAL\MULHER\62 ANOS - PRUD.pdf
PRUDENTIAL;PRUDENTIAL_VIDA_INTEIRA_10;Vida Inteira;F;63;1000000.0;73872.7;74153.42;6522.96;10;Quarta-Feira, 14 de Janeiro de 2026;PRUDENTIAL\MULHER\63 ANOS - PRUD.pdf
PRUDENTIAL;PRUDENTIAL_VIDA_INTEIRA_10;Vida Inteira;F;64;1000000.0;75931.5;76220.04;6704.75;10;Quarta-Feira, 14 de Janeiro de 2026;PRUDENTIAL\MULHER\64 ANOS - PRUD.pdf
PRUDENTIAL;PRUDENTIAL_VIDA_INTEIRA_10;Vida Inteira;F;65;1000000.0;78061.3;78357.93;6892.81;10;Quarta-Feira, 14 de Janeiro de 2026;PRUDENTIAL\MULHER\65 ANOS - PRUD.pdf
PRUDENTIAL;PRUDENTIAL_VIDA_INTEIRA_10;Vida Inteira;F;66;1000000.0;80279.7;80584.76;7088.7;10;Quarta-Feira, 14 de Janeiro de 2026;PRUDENTIAL\MULHER\66 ANOS - PRUD.pdf
PRUDENTIAL;PRUDENTIAL_VIDA_INTEIRA_10;Vida Inteira;F;67;1000000.0;82612.9;82926.83;7294.72;10;Quarta-Feira, 14 de Janeiro de 2026;PRUDENTIAL\MULHER\67 ANOS - PRUD.pdf
PRUDENTIAL;PRUDENTIAL_VIDA_INTEIRA_10;Vida Inteira;F;68;1000000.0;85099.9;85423.28;7514.32;10;Quarta-Feira, 14 de Janeiro de 2026;PRUDENTIAL\MULHER\68 ANOS - PRUD.pdf
PRUDENTIAL;PRUDENTIAL_VIDA_INTEIRA_10;Vida Inteira;F;69;1000000.0;87782.1;88115.67;7751.16;10;Quarta-Feira, 14 de Janeiro de 2026;PRUDENTIAL\MULHER\69 ANOS - PRUD.pdf
PRUDENTIAL;PRUDENTIAL_VIDA_INTEIRA_10;Vida Inteira;F;70;1000000.0;90690.9;91035.53;8008.01;10;Quarta-Feira, 14 de Janeiro de 2026;PRUDENTIAL\MULHER\70 ANOS - PRUD.pdf
PRUDENTIAL;PRUDENTIAL_VIDA_INTEIRA_10;Vida Inteira;F;71;1000000.0;91285.2;91632.08;7814.01;;Quinta-Feira, 5 de Março de 2026;PRUDENTIAL\MULHER\71 ANOS - PRUDENTIAL.pdf
PRUDENTIAL;PRUDENTIAL_VIDA_INTEIRA_10;Vida Inteira;F;72;1000000.0;97189.1;97558.42;8319.39;;Quinta-Feira, 5 de Março de 2026;PRUDENTIAL\MULHER\72 ANOS - PRUDENTIAL.pdf
PRUDENTIAL;PRUDENTIAL_VIDA_INTEIRA_10;Vida Inteira;F;73;1000000.0;103595.3;103988.96;8867.76;;Quinta-Feira, 5 de Março de 2026;PRUDENTIAL\MULHER\73 ANOS - PRUDENTIAL.pdf
PRUDENTIAL;PRUDENTIAL_VIDA_INTEIRA_10;Vida Inteira;F;74;1000000.0;110520.7;110940.68;9460.57;;Quinta-Feira, 5 de Março de 2026;PRUDENTIAL\MULHER\74 ANOS - PRUDENTIAL.pdf
PRUDENTIAL;PRUDENTIAL_VIDA_INTEIRA_10;Vida Inteira;F;75;1000000.0;117990.1;118438.46;10099.95;;Quinta-Feira, 5 de Março de 2026;PRUDENTIAL\MULHER\75 ANOS - PRUDENTIAL.pdf
PRUDENTIAL;PRUDENTIAL_VIDA_INTEIRA_10;Vida Inteira;M;14;1000000.0;24868.3;24962.8;2195.87;10;Quinta-Feira, 5 de Março de 2026;PRUDENTIAL\HOMEM\14 ANOS - PRUDENTIAL.pdf
PRUDENTIAL;PRUDENTIAL_VIDA_INTEIRA_10;Vida Inteira;M;15;1000000.0;25506.9;25603.83;2252.26;10;Quinta-Feira, 5 de Março de 2026;PRUDENTIAL\HOMEM\15 ANOS - PRUDENTIAL.pdf
PRUDENTIAL;PRUDENTIAL_VIDA_INTEIRA_10;Vida Inteira;M;16;1000000.0;26145.4;26244.75;2308.64;10;Quinta-Feira, 5 de Março de 2026;PRUDENTIAL\HOMEM\16 ANOS - PRUDENTIAL.pdf
PRUDENTIAL;PRUDENTIAL_VIDA_INTEIRA_10;Vida Inteira;M;17;1000000.0;26784.5;26886.28;2365.07;10;Quinta-Feira, 5 de Março de 2026;PRUDENTIAL\HOMEM\17 ANOS - PRUDENTIAL.pdf
PRUDENTIAL;PRUDENTIAL_VIDA_INTEIRA_10;Vida Inteira;M;18;1000000.0;27428.6;27532.83;2421.95;10;Quinta-Feira, 15 de Janeiro de 2026;PRUDENTIAL\HOMEM\18 ANOS - PRUD.pdf
PRUDENTIAL;PRUDENTIAL_VIDA_INTEIRA_10;Vida Inteira;M;19;1000000.0;28081.1;28187.81;2479.56;10;Quinta-Feira, 15 de Janeiro de 2026;PRUDENTIAL\HOMEM\19 ANOS - PRUD.pdf
PRUDENTIAL;PRUDENTIAL_VIDA_INTEIRA_10;Vida Inteira;M;20;1000000.0;28746.7;28855.94;2538.33;10;Quinta-Feira, 15 de Janeiro de 2026;PRUDENTIAL\HOMEM\20 ANOS - PRUD.pdf
PRUDENTIAL;PRUDENTIAL_VIDA_INTEIRA_10;Vida Inteira;M;21;1000000.0;29430.7;29542.54;2598.73;10;Quinta-Feira, 15 de Janeiro de 2026;PRUDENTIAL\HOMEM\21 ANOS - PRUD.pdf
PRUDENTIAL;PRUDENTIAL_VIDA_INTEIRA_10;Vida Inteira;M;22;1000000.0;30136.0;30250.52;2661.01;10;Quinta-Feira, 15 de Janeiro de 2026;PRUDENTIAL\HOMEM\22 ANOS - PRUD.pdf
PRUDENTIAL;PRUDENTIAL_VIDA_INTEIRA_10;Vida Inteira;M;23;1000000.0;30865.8;30983.09;2725.45;10;Quinta-Feira, 15 de Janeiro de 2026;PRUDENTIAL\HOMEM\23 ANOS - PRUD.pdf
PRUDENTIAL;PRUDENTIAL_VIDA_INTEIRA_10;Vida Inteira;M;24;1000000.0;31623.6;31743.77;2792.36;10;Quinta-Feira, 15 de Janeiro de 2026;PRUDENTIAL\HOMEM\24 ANOS - PRUD.pdf
PRUDENTIAL;PRUDENTIAL_VIDA_INTEIRA_10;Vida Inteira;M;25;1000000.0;32758.5;32882.98;2892.58;10;Quinta-Feira, 15 de Janeiro de 2026;PRUDENTIAL\HOMEM\25 ANOS - PRUD.pdf
PRUDENTIAL;PRUDENTIAL_VIDA_INTEIRA_10;Vida Inteira;M;26;1000000.0;33586.2;33713.83;2965.66;10;Quinta-Feira, 15 de Janeiro de 2026;PRUDENTIAL\HOMEM\26 ANOS - PRUD.pdf
PRUDENTIAL;PRUDENTIAL_VIDA_INTEIRA_10;Vida Inteira;M;27;1000000.0;34445.2;34576.09;3041.51;10;Quinta-Feira, 15 de Janeiro de 2026;PRUDENTIAL\HOMEM\27 ANOS - PRUD.pdf
PRUDENTIAL;PRUDENTIAL_VIDA_INTEIRA_10;Vida Inteira;M;28;1000000.0;35334.8;35469.07;3120.06;10;Quinta-Feira, 15 de Janeiro de 2026;PRUDENTIAL\HOMEM\28 ANOS - PRUD.pdf
PRUDENTIAL;PRUDENTIAL_VIDA_INTEIRA_10;Vida Inteira;M;29;1000000.0;36256.7;36394.48;3201.47;10;Quinta-Feira, 15 de Janeiro de 2026;PRUDENTIAL\HOMEM\29 ANOS - PRUD.pdf
PRUDENTIAL;PRUDENTIAL_VIDA_INTEIRA_10;Vida Inteira;M;30;1000000.0;37209.1;37350.49;3285.56;10;Quinta-Feira, 15 de Janeiro de 2026;PRUDENTIAL\HOMEM\30 ANOS - PRUD.pdf
PRUDENTIAL;PRUDENTIAL_VIDA_INTEIRA_10;Vida Inteira;M;31;1000000.0;38192.5;38337.63;3372.4;10;Quinta-Feira, 15 de Janeiro de 2026;PRUDENTIAL\HOMEM\31 ANOS - PRUD.pdf
PRUDENTIAL;PRUDENTIAL_VIDA_INTEIRA_10;Vida Inteira;M;32;1000000.0;39206.7;39355.69;3461.95;10;Quinta-Feira, 15 de Janeiro de 2026;PRUDENTIAL\HOMEM\32 ANOS - PRUD.pdf
PRUDENTIAL;PRUDENTIAL_VIDA_INTEIRA_10;Vida Inteira;M;34;1000000.0;41327.1;41484.14;3649.18;10;Quinta-Feira, 15 de Janeiro de 2026;PRUDENTIAL\HOMEM\34 ANOS - PRUD.pdf
PRUDENTIAL;PRUDENTIAL_VIDA_INTEIRA_10;Vida Inteira;M;35;1000000.0;41762.0;41920.7;3687.58;10;Quinta-Feira, 15 de Janeiro de 2026;PRUDENTIAL\HOMEM\35 ANOS - PRUD.pdf
PRUDENTIAL;PRUDENTIAL_VIDA_INTEIRA_10;Vida Inteira;M;36;1000000.0;42038.9;42198.65;3712.03;10;Quinta-Feira, 15 de Janeiro de 2026;PRUDENTIAL\HOMEM\36 ANOS - PRUD.pdf
PRUDENTIAL;PRUDENTIAL_VIDA_INTEIRA_10;Vida Inteira;M;37;1000000.0;42943.8;43106.99;3791.94;10;Quinta-Feira, 15 de Janeiro de 2026;PRUDENTIAL\HOMEM\37 ANOS - PRUD.pdf
PRUDENTIAL;PRUDENTIAL_VIDA_INTEIRA_10;Vida Inteira;M;38;1000000.0;44094.3;44261.86;3893.53;10;Quinta-Feira, 15 de Janeiro de 2026;PRUDENTIAL\HOMEM\38 ANOS - PRUD.pdf
PRUDENTIAL;PRUDENTIAL_VIDA_INTEIRA_10;Vida Inteira;M;39;1000000.0;45274.0;45446.04;3997.69;10;Quinta-Feira, 15 de Janeiro de 2026;PRUDENTIAL\HOMEM\39 ANOS - PRUD.pdf
PRUDENTIAL;PRUDENTIAL_VIDA_INTEIRA_10;Vida Inteira;M;40;1000000.0;46482.2;46658.83;4104.38;10;Quinta-Feira, 15 de Janeiro de 2026;PRUDENTIAL\HOMEM\40 ANOS - PRUD.pdf
PRUDENTIAL;PRUDENTIAL_VIDA_INTEIRA_10;Vida Inteira;M;41;1000000.0;47718.2;47899.53;4213.52;10;Quinta-Feira, 15 de Janeiro de 2026;PRUDENTIAL\HOMEM\41 ANOS - PRUD.pdf
PRUDENTIAL;PRUDENTIAL_VIDA_INTEIRA_10;Vida Inteira;M;42;1000000.0;48982.6;49168.73;4325.16;10;Quinta-Feira, 15 de Janeiro de 2026;PRUDENTIAL\HOMEM\42 ANOS - PRUD.pdf
PRUDENTIAL;PRUDENTIAL_VIDA_INTEIRA_10;Vida Inteira;M;43;1000000.0;50276.7;50467.75;4439.43;10;Quinta-Feira, 15 de Janeiro de 2026;PRUDENTIAL\HOMEM\43 ANOS - PRUD.pdf
PRUDENTIAL;PRUDENTIAL_VIDA_INTEIRA_10;Vida Inteira;M;44;1000000.0;51600.8;51796.88;4556.35;10;Quinta-Feira, 15 de Janeiro de 2026;PRUDENTIAL\HOMEM\44 ANOS - PRUD.pdf
PRUDENTIAL;PRUDENTIAL_VIDA_INTEIRA_10;Vida Inteira;M;45;1000000.0;52957.0;53158.24;4676.1;10;Quinta-Feira, 15 de Janeiro de 2026;PRUDENTIAL\HOMEM\45 ANOS - PRUD.pdf
PRUDENTIAL;PRUDENTIAL_VIDA_INTEIRA_10;Vida Inteira;M;46;1000000.0;54347.9;54554.42;4798.92;10;Quinta-Feira, 15 de Janeiro de 2026;PRUDENTIAL\HOMEM\46 ANOS - PRUD.pdf
PRUDENTIAL;PRUDENTIAL_VIDA_INTEIRA_10;Vida Inteira;M;47;1000000.0;55775.6;55987.55;4924.99;10;Quinta-Feira, 15 de Janeiro de 2026;PRUDENTIAL\HOMEM\47 ANOS - PRUD.pdf
PRUDENTIAL;PRUDENTIAL_VIDA_INTEIRA_10;Vida Inteira;M;48;1000000.0;57243.8;57461.33;5054.63;10;Quinta-Feira, 15 de Janeiro de 2026;PRUDENTIAL\HOMEM\48 ANOS - PRUD.pdf
PRUDENTIAL;PRUDENTIAL_VIDA_INTEIRA_10;Vida Inteira;M;49;1000000.0;58755.9;58979.17;5188.15;10;Quinta-Feira, 15 de Janeiro de 2026;PRUDENTIAL\HOMEM\49 ANOS - PRUD.pdf
PRUDENTIAL;PRUDENTIAL_VIDA_INTEIRA_10;Vida Inteira;M;50;1000000.0;60313.3;60542.49;5325.66;10;Quinta-Feira, 15 de Janeiro de 2026;PRUDENTIAL\HOMEM\50 ANOS - PRUD.pdf
PRUDENTIAL;PRUDENTIAL_VIDA_INTEIRA_10;Vida Inteira;M;51;1000000.0;61918.2;62153.49;5467.38;10;Quinta-Feira, 15 de Janeiro de 2026;PRUDENTIAL\HOMEM\51 ANOS - PRUD.pdf
PRUDENTIAL;PRUDENTIAL_VIDA_INTEIRA_10;Vida Inteira;M;52;1000000.0;63568.7;63810.26;5613.12;10;Quinta-Feira, 15 de Janeiro de 2026;PRUDENTIAL\HOMEM\52 ANOS - PRUD.pdf
PRUDENTIAL;PRUDENTIAL_VIDA_INTEIRA_10;Vida Inteira;M;53;1000000.0;65266.3;65514.31;5763.01;10;Quinta-Feira, 15 de Janeiro de 2026;PRUDENTIAL\HOMEM\53 ANOS - PRUD.pdf
PRUDENTIAL;PRUDENTIAL_VIDA_INTEIRA_10;Vida Inteira;M;54;1000000.0;67009.7;67264.34;5916.96;10;Quinta-Feira, 15 de Janeiro de 2026;PRUDENTIAL\HOMEM\54 ANOS - PRUD.pdf
PRUDENTIAL;PRUDENTIAL_VIDA_INTEIRA_10;Vida Inteira;M;55;1000000.0;68801.3;69062.74;6075.15;10;Quinta-Feira, 15 de Janeiro de 2026;PRUDENTIAL\HOMEM\55 ANOS - PRUD.pdf
PRUDENTIAL;PRUDENTIAL_VIDA_INTEIRA_10;Vida Inteira;M;56;1000000.0;70645.9;70914.35;6238.03;10;Quinta-Feira, 15 de Janeiro de 2026;PRUDENTIAL\HOMEM\56 ANOS - PRUD.pdf
PRUDENTIAL;PRUDENTIAL_VIDA_INTEIRA_10;Vida Inteira;M;57;1000000.0;72551.3;72826.99;6406.28;10;Quinta-Feira, 15 de Janeiro de 2026;PRUDENTIAL\HOMEM\57 ANOS - PRUD.pdf
PRUDENTIAL;PRUDENTIAL_VIDA_INTEIRA_10;Vida Inteira;M;58;1000000.0;74526.9;74810.1;6580.73;10;Quinta-Feira, 15 de Janeiro de 2026;PRUDENTIAL\HOMEM\58 ANOS - PRUD.pdf
PRUDENTIAL;PRUDENTIAL_VIDA_INTEIRA_10;Vida Inteira;M;59;1000000.0;76582.7;76873.71;6762.25;10;Quinta-Feira, 15 de Janeiro de 2026;PRUDENTIAL\HOMEM\59 ANOS - PRUD.pdf
PRUDENTIAL;PRUDENTIAL_VIDA_INTEIRA_10;Vida Inteira;M;60;1000000.0;78727.3;79026.46;6951.62;10;Quinta-Feira, 15 de Janeiro de 2026;PRUDENTIAL\HOMEM\60 ANOS - PRUD.pdf
PRUDENTIAL;PRUDENTIAL_VIDA_INTEIRA_10;Vida Inteira;M;61;1000000.0;80966.8;81274.47;7149.37;10;Quinta-Feira, 15 de Janeiro de 2026;PRUDENTIAL\HOMEM\61 ANOS - PRUD.pdf
PRUDENTIAL;PRUDENTIAL_VIDA_INTEIRA_10;Vida Inteira;M;62;1000000.0;83304.8;83621.36;7355.81;10;Quinta-Feira, 15 de Janeiro de 2026;PRUDENTIAL\HOMEM\62 ANOS - PRUD.pdf
PRUDENTIAL;PRUDENTIAL_VIDA_INTEIRA_10;Vida Inteira;M;63;1000000.0;85745.8;86071.63;7571.35;10;Quinta-Feira, 15 de Janeiro de 2026;PRUDENTIAL\HOMEM\63 ANOS - PRUD.pdf
PRUDENTIAL;PRUDENTIAL_VIDA_INTEIRA_10;Vida Inteira;M;64;1000000.0;88296.3;88631.83;7796.56;10;Quinta-Feira, 15 de Janeiro de 2026;PRUDENTIAL\HOMEM\64 ANOS - PRUD.pdf
PRUDENTIAL;PRUDENTIAL_VIDA_INTEIRA_10;Vida Inteira;M;65;1000000.0;90967.4;91313.08;8032.42;10;Quinta-Feira, 15 de Janeiro de 2026;PRUDENTIAL\HOMEM\65 ANOS - PRUD.pdf
PRUDENTIAL;PRUDENTIAL_VIDA_INTEIRA_10;Vida Inteira;M;66;1000000.0;93779.7;94136.06;8280.75;10;Quinta-Feira, 15 de Janeiro de 2026;PRUDENTIAL\HOMEM\66 ANOS - PRUD.pdf
PRUDENTIAL;PRUDENTIAL_VIDA_INTEIRA_10;Vida Inteira;M;67;1000000.0;96760.0;97127.69;8543.91;10;Quinta-Feira, 15 de Janeiro de 2026;PRUDENTIAL\HOMEM\67 ANOS - PRUD.pdf
PRUDENTIAL;PRUDENTIAL_VIDA_INTEIRA_10;Vida Inteira;M;68;1000000.0;99942.3;100322.08;8824.91;10;Quinta-Feira, 15 de Janeiro de 2026;PRUDENTIAL\HOMEM\68 ANOS - PRUD.pdf
PRUDENTIAL;PRUDENTIAL_VIDA_INTEIRA_10;Vida Inteira;M;69;1000000.0;103359.6;103752.37;9126.65;10;Quinta-Feira, 15 de Janeiro de 2026;PRUDENTIAL\HOMEM\69 ANOS - PRUD.pdf
PRUDENTIAL;PRUDENTIAL_VIDA_INTEIRA_10;Vida Inteira;M;70;1000000.0;107036.7;107443.44;9451.34;10;Quinta-Feira, 15 de Janeiro de 2026;PRUDENTIAL\HOMEM\70 ANOS - PRUD.pdf
PRUDENTIAL;PRUDENTIAL_VIDA_INTEIRA_10;Vida Inteira;M;71;1000000.0;106631.7;107036.9;9127.67;;Quinta-Feira, 5 de Março de 2026;PRUDENTIAL\HOMEM\71 ANOS - PRUDENTIAL.pdf
PRUDENTIAL;PRUDENTIAL_VIDA_INTEIRA_10;Vida Inteira;M;72;1000000.0;113117.5;113547.35;9682.86;;Quinta-Feira, 5 de Março de 2026;PRUDENTIAL\HOMEM\72 ANOS - PRUDENTIAL.pdf
PRUDENTIAL;PRUDENTIAL_VIDA_INTEIRA_10;Vida Inteira;M;73;1000000.0;120038.7;120494.85;10275.31;;Quinta-Feira, 5 de Março de 2026;PRUDENTIAL\HOMEM\73 ANOS - PRUDENTIAL.pdf
PRUDENTIAL;PRUDENTIAL_VIDA_INTEIRA_10;Vida Inteira;M;74;1000000.0;127388.4;127872.48;10904.45;;Quinta-Feira, 5 de Março de 2026;PRUDENTIAL\HOMEM\74 ANOS - PRUDENTIAL.pdf
PRUDENTIAL;PRUDENTIAL_VIDA_INTEIRA_10;Vida Inteira;M;75;1000000.0;135173.1;135686.76;11570.82;;Quinta-Feira, 5 de Março de 2026;PRUDENTIAL\HOMEM\75 ANOS - PRUDENTIAL.pdf
